Workbook
Name _Hlk187854711: Kalaburagi!$B$121

Sheet ABSTRACT
A1: Kalaburgi Disrtict Taluk Wise Abstract for the Month of JUN- 2026
A2: Quantity of Bio-medical Waste Received All in Kg/month | G2: General Waste | H2: Total Qty in kg/month
A3: S. No | B3: Place | C3: Yellow Category | D3: Red Category | E3: Blue Category | F3: White Category
A4: 1 | B4: All Govt Hospitals | C4: =GOVT.HOSPITALS!E198 -> 930 | D4: =GOVT.HOSPITALS!F198 -> 320 | E4: =GOVT.HOSPITALS!G198 -> 453 | F4: =GOVT.HOSPITALS!H198 -> 9.46 | G4: =GOVT.HOSPITALS!I198 -> 0 | H4: =GOVT.HOSPITALS!J198 -> 1712.46
A5: 2 | B5: Jewargi Taluk | C5: =Jewargi!F82 -> 218 | D5: =Jewargi!G82 -> 150 | E5: =Jewargi!H82 -> 137 | F5: =Jewargi!I82 -> 3.25 | G5: =Jewargi!J82 -> 75 | H5: =Jewargi!K82 -> 583.25
A6: 3 | B6: Sedam Taluk | C6: =Sedam!F76 -> 241 | D6: =Sedam!G76 -> 128 | E6: =Sedam!H76 -> 159 | F6: =Sedam!I76 -> 1.98 | G6: =Sedam!J76 -> 98 | H6: =Sedam!K76 -> 627.98
A7: 4 | B7: Chittapur Taluk | C7: =Chittapur!F86 -> 222 | D7: =Chittapur!G86 -> 117 | E7: =Chittapur!H86 -> 119 | F7: =Chittapur!I86 -> 1.54 | G7: =Chittapur!J86 -> 53 | H7: =Chittapur!K86 -> 512.54
A8: 5 | B8: Kalaburagi Taluk | C8: =Kalaburagi!F354 -> 4908 | D8: =Kalaburagi!G354 -> 3109 | E8: =Kalaburagi!H354 -> 1105 | F8: =Kalaburagi!I354 -> 85.77 | G8: =Kalaburagi!J354 -> 730 | H8: =Kalaburagi!K354 -> 9937.77
B9: TOTAL | C9: =SUM(C4:C8) -> 6519 | D9: =SUM(D4:D8) -> 3824 | E9: =SUM(E4:E8) -> 1973 | F9: =SUM(F4:F8) -> 102 | G9: =SUM(G4:G8) -> 956 | H9: =SUM(H4:H8) -> 13374
A11: Total No.Of HCF'S Coverd by CBMWTF | F11: =G17 -> 772
A12: S. No | B12: Place | C12: Government Hospital | D12: Private Hospital | E12: Ayush | F12: Veterinary | G12: No of HCF'S
A13: 1 | B13: Jewargi Taluk | C13: 48 | D13: =Jewargi!D93 -> 77 | E13: 0 | F13: 2 | G13: =SUM(C13:F13) -> 127
A14: 2 | B14: Sedam Taluk | C14: 45 | D14: =Sedam!D87 -> 71 | E14: 0 | F14: 0 | G14: =SUM(C14:F14) -> 116
A15: 3 | B15: Chittapur Taluk | C15: 60 | D15: =Chittapur!D97 -> 81 | E15: 0 | F15: 0 | G15: =SUM(C15:F15) -> 141
A16: 4 | B16: Kalaburagi Taluk | C16: 39 | D16: =Kalaburagi!D365 -> 349 | E16: 0 | F16: 0 | G16: =SUM(C16:F16) -> 388
B17: TOTAL | C17: =SUM(C13:C16) -> 192 | D17: =SUM(D13:D16) -> 578 | E17: =SUM(E13:E16) -> 0 | F17: =SUM(F13:F16) -> 2 | G17: =SUM(C17:F17) -> 772
A20: Total No.Of Bedded Hospital, Clinic, Lab & Blood Bank Coverd by CBMWTF | I20: 771
A21: S. No | B21: Place | C21: Bedded Hospital | F21: Non Bedded Govt Hospitals | I21: Non Bedded Private Hospitals | N21: No of HCF'S
C22: Government | D22: Ayush | E22: Private | F22: SC-AAM | G22: UPHC/Namma Clinics | H22: Veterinary | I22: Clinic | J22: Dental | K22: Blood Bank | L22: Laboratory | M22: Scanning Center + X-Ray
A23: 1 | B23: Jewargi Taluk | C23: =16 -> 16 | D23: 0 | E23: =Jewargi!D87 -> 13 | F23: 31 | G23: =1 -> 1 | H23: 2 | I23: =Jewargi!D88 -> 45 | J23: =Jewargi!D89 -> 5 | K23: =Jewargi!D92 -> 0 | L23: =Jewargi!D90 -> 13 | M23: =Jewargi!D91 -> 1 | N23: =SUM(C23:M23) -> 127
A24: 2 | B24: Sedam Taluk | C24: =11 -> 11 | D24: 0 | E24: =Sedam!D81 -> 13 | F24: 33 | G24: 1 | I24: =Sedam!D82 -> 48 | J24: =Sedam!D83 -> 4 | K24: =Sedam!D86 -> 0 | L24: =Sedam!D84 -> 6 | M24: =Sedam!D85 -> 0 | N24: =SUM(C24:M24) -> 116
A25: 3 | B25: Chittapur Taluk | C25: =20 -> 20 | D25: 0 | E25: =Chittapur!D91 -> 7 | F25: 37 | G25: 3 | I25: =Chittapur!D92 -> 59 | J25: =Chittapur!D93 -> 6 | K25: =Chittapur!D96 -> 0 | L25: =Chittapur!D94 -> 9 | M25: =Chittapur!D95 -> 0 | N25: =SUM(C25:M25) -> 141
A26: 4 | B26: Kalaburagi Taluk | C26: 6 | D26: 0 | E26: =Kalaburagi!D359 -> 170 | F26: 26 | G26: =5+2 -> 7 | I26: =Kalaburagi!D360 -> 98 | J26: =Kalaburagi!D361 -> 36 | K26: =Kalaburagi!D364 -> 3 | L26: =Kalaburagi!D362 -> 35 | M26: =Kalaburagi!D363 -> 7 | N26: =SUM(C26:M26) -> 388
B27: TOTAL | C27: =SUM(C23:C26) -> 53 | D27: =SUM(D23:D26) -> 0 | E27: =SUM(E23:E26) -> 203 | F27: =SUM(F23:F26) -> 127 | G27: =SUM(G23:G26) -> 12 | H27: =SUM(H23:H26) -> 2 | I27: =SUM(I23:I26) -> 250 | J27: =SUM(J23:J26) -> 51 | ... N27: =SUM(N23:N26) -> 772
B29: Total No Of Bed's Coverd by CBMWTF | D29: =C33 -> 5588
B30: Number Of Bed's | F30: M/s. Parisara Associates, Yadgir (CBMWTF)
B31: Govt Hospital | C31: =GOVT.HOSPITALS!C198 -> 804
B32: Private Hospital | C32: =Jewargi!D82+Sedam!D76+Chittapur!D86+Kalaburagi!D354 -> 4784
B33: TOTAL | C33: =SUM(C31:C32) -> 5588

Sheet GOVT.HOSPITALS
A1: Collection of Bio-Medical Waste from All Govt. Hospitals, Kalaburagi Dist. in Category wise for the month of JUN-2026
A2: Sr.No | B2: Name Of Hospitals | C2: Quantity of Bio-medical Waste Received All in Kg/month | I2: GENERAL | J2: Total Qty in kg/month
C3: BED'S | D3: PLACE | E3: YELLOW | F3: RED | G3: BLUE | H3: WHITE
A4: 1 | B4: Genaral Hospital | C4: 100 | D4: Chittapur | E4: 65 | F4: 30 | G4: 29 | H4: 0.8 | J4: =SUM(E4:I4) -> 124.8
A5: 2 | B5: Community Health Centre | C5: 30 | D5: Gundugurti | E5: 29 | F5: 6 | G5: 12 | H5: 0.4 | J5: =SUM(E5:I5) -> 47.4
A6: 3 | B6: Community Health Centre | C6: 30 | D6: Hebbal | E6: 22 | F6: 10 | G6: 11 | H6: 0.3 | J6: =SUM(E6:I6) -> 43.3
A7: 4 | B7: Community Health Centre | C7: 30 | D7: Kalagi | E7: 26 | F7: 8 | G7: 13 | H7: 0.5 | J7: =SUM(E7:I7) -> 47.5
A8: 5 | B8: Community Health Centre | C8: 30 | D8: Shahbad | E8: 27 | F8: 10 | G8: 14 | H8: 0.6 | J8: =SUM(E8:I8) -> 51.6
A9: 6 | B9: Community Health Centre | C9: 30 | D9: Wadi | E9: 28 | F9: 5 | G9: 12 | H9: 0.5 | J9: =SUM(E9:I9) -> 45.5
A10: 7 | B10: Primary Health Centre | C10: 6 | D10: Alhalli | E10: 5 | F10: 2 | G10: 4 | H10: 0.01 | J10: =SUM(E10:I10) -> 11.01
A11: 8 | B11: Primary Health Centre | C11: 6 | D11: Allur K | E11: 5 | F11: 3 | G11: 3 | H11: 0.01 | J11: =SUM(E11:I11) -> 11.01
A12: 9 | B12: Primary Health Centre | C12: 6 | D12: Arankal | E12: 6 | F12: 2 | G12: 2 | H12: 0.01 | J12: =SUM(E12:I12) -> 10.01
A13: 10 | B13: Primary Health Centre | C13: 6 | D13: Dandoti | E13: 4 | F13: 1 | G13: 3 | H13: 0.01 | J13: =SUM(E13:I13) -> 8.01
A14: 11 | B14: Primary Health Centre | C14: 6 | D14: Diggaon | E14: 5 | F14: 2 | G14: 5 | H14: 0.01 | J14: =SUM(E14:I14) -> 12.01
A15: 12 | B15: Primary Health Centre | C15: 6 | D15: Kal Hipparga | E15: 3 | F15: 2 | G15: 5 | H15: 0.01 | J15: =SUM(E15:I15) -> 10.01
... A34: 31 | B34: Primary Health Centre | C34: 6 | D34: Biryal. B | E34: 3 | F34: 1 | G34: 3 | H34: 0.01 | J34: =SUM(E34:I34) -> 7.01
A35: 32 | B35: Primary Health Centre | C35: 6 | D35: Ganwar | E35: 3 | F35: 2 | G35: 2 | J35: =SUM(E35:I35) -> 7
A36: 33 | B36: Primary Health Centre | C36: 6 | D36: Ijeri | E36: 5 | F36: 1 | G36: 3 | J36: =SUM(E36:I36) -> 9
A37: 34 | B37: Primary Health Centre | C37: 6 | D37: Jeratgi | E37: 4 | F37: 3 | G37: 4 | J37: =SUM(E37:I37) -> 11
A38: 35 | B38: Primary Health Centre | C38: 6 | D38: Koodi | E38: 5 | F38: 3 | G38: 3 | J38: =SUM(E38:I38) -> 11
A39: 36 | B39: Primary Health Centre | C39: 6 | D39: Malli | E39: 4 | F39: 2 | G39: 4 | J39: =SUM(E39:I39) -> 10
A40: 37 | B40: Primary Health Centre | C40: 6 | D40: Mandewal | E40: 5 | F40: 2 | G40: 4 | J40: =SUM(E40:I40) -> 11
A41: 38 | B41: Primary Health Centre | C41: 6 | D41: Naribol | E41: 4 | F41: 3 | G41: 3 | J41: =SUM(E41:I41) -> 10
A42: 39 | B42: Namma Clinic | C42: 0 | D42: Jewargi | E42: 1 | F42: 1 | G42: 1 | H42: 0.005 | J42: =SUM(E42:I42) -> 3.005
A43: 40 | B43: Primary Health Centre | C43: 6 | D43: Wadgera | E43: 5 | F43: 2 | G43: 2 | H43: 0.01 | J43: =SUM(E43:I43) -> 9.01
A44: 41 | B44: Genaral Hospital | C44: 100 | D44: Sedam | E44: 95 | F44: 25 | G44: 42 | H44: 0.9 | J44: =SUM(E44:I44) -> 162.9
A45: 42 | B45: Community Health Centre | C45: 30 | D45: Malkhed | E45: 31 | F45: 4 | G45: 12 | H45: 0.6 | J45: =SUM(E45:I45) -> 47.6
A46: 43 | B46: Primary Health Centre | C46: 30 | D46: Mudhol | E46: 23 | F46: 4 | G46: 10 | H46: 0.6 | J46: =SUM(E46:I46) -> 37.6
A47: 44 | B47: PRIMARY HEALTH CENTRE | C47: 6 | D47: Itkal | E47: 6 | F47: 3 | G47: 4 | H47: 0.01 | J47: =SUM(E47:I47) -> 13.01
A48: 45 | B48: PRIMARY HEALTH CENTRE | C48: 6 | D48: Khanagadda | E48: 5 | F48: 2 | G48: 5 | H48: 0.01 | J48: =SUM(E48:I48) -> 12.01
A49: 46 | B49: PRIMARY HEALTH CENTRE | C49: 6 | D49: Khanderayanapalli | E49: 6 | F49: 3 | G49: 4 | H49: 0.01 | J49: =SUM(E49:I49) -> 13.01
A50: 47 | B50: PRIMARY HEALTH CENTRE | C50: 6 | D50: Kodla | E50: 7 | F50: 2 | G50: 5 | J50: =SUM(E50:I50) -> 14
A51: 48 | B51: PRIMARY HEALTH CENTRE | C51: 6 | D51: Kolkunda | E51: 6 | F51: 2 | G51: 5 | H51: 0.01 | J51: =SUM(E51:I51) -> 13.01
A52: 49 | B52: PRIMARY HEALTH CENTRE | C52: 6 | D52: Kurkunta | E52: 5 | F52: 3 | G52: 4 | H52: 0.01 | J52: =SUM(E52:I52) -> 12.01
A53: 50 | B53: PRIMARY HEALTH CENTRE | C53: 6 | D53: Madana | E53: 6 | F53: 2 | G53: 5 | H53: 0.01 | J53: =SUM(E53:I53) -> 13.01
A54: 51 | B54: Primary Health Centre | C54: 6 | D54: Yadga | E54: 5 | F54: 1 | G54: 4 | H54: 0.01 | J54: =SUM(E54:I54) -> 10.01
A55: 52 | B55: Urban Primary Health Centre | C55: 0 | D55: Sedam | E55: 1 | F55: 1 | G55: 1 | H55: 0.01 | J55: =SUM(E55:I55) -> 3.01
A56: 53 | B56: MCH Hospital | C56: 100 | D56: Kalaburagi | E56: 60 | F56: 22 | G56: 24 | H56: 0.9 | J56: =SUM(E56:I56) -> 106.9
A57: 54 | B57: Primary Health Centre | C57: 6 | D57: Farthabad | E57: 20 | F57: 4 | G57: 3 | H57: 0.01 | J57: =SUM(E57:I57) -> 27.01
A58: 55 | B58: Primary Health Centre | C58: 6 | D58: Hire Savalgi | E58: 6 | F58: 2 | G58: 3 | H58: 0.01 | J58: =SUM(E58:I58) -> 11.01
A59: 56 | B59: Primary Health Centre | C59: 6 | D59: Honna Kiranagi | E59: 5 | F59: 2 | G59: 4 | H59: 0.01 | J59: =SUM(E59:I59) -> 11.01
A60: 57 | B60: Primary Health Centre | C60: 6 | D60: Nandoor B | E60: 4 | F60: 1 | G60: 4 | H60: 0.01 | J60: =SUM(E60:I60) -> 9.01
A61: 58 | B61: Primary Health Centre | C61: 6 | D61: Srinivas Sardagi | E61: 4 | F61: 1 | G61: 3 | H61: 0.01 | J61: =SUM(E61:I61) -> 8.01
A62: 59 | B62: Urban Primary Health Centre | C62: 0 | D62: Asokanagar | E62: 5 | F62: 2 | G62: 3 | J62: =SUM(E62:I62) -> 10
A63: 60 | B63: Urban Primary Health Centre | C63: 0 | D63: Manikeshwari | E63: 4 | F63: 1 | G63: 3 | J63: =SUM(E63:I63) -> 8
A64: 61 | B64: Urban Primary Health Centre | C64: 0 | D64: Heerapur | E64: 5 | F64: 1 | G64: 2 | J64: =SUM(E64:I64) -> 8
A65: 62 | B65: Urban Primary Health Centre | C65: 0 | D65: Vidyanagar/ICDS | E65: 4 | F65: 2 | G65: 3 | J65: =SUM(E65:I65) -> 9
A66: 63 | B66: Urban Primary Health Centre | C66: 0 | D66: Tarfile/UFWC | E66: 8 | F66: 3 | G66: 3 | J66: =SUM(E66:I66) -> 14
A67: 64 | B67: Namma Clinic | C67: 0 | D67: Rajapur | E67: 1 | F67: 1 | G67: 1 | H67: 0.01 | J67: =SUM(E67:I67) -> 3.01
A68: 65 | B68: Namma Clinic | C68: 0 | D68: Kotnoor | E68: 1 | F68: 1 | G68: 2 | H68: 0.005 | J68: =SUM(E68:I68) -> 4.005
A69: 66 | B69: SC-AAM | C69: 0 | D69: Jogurv | E69: 1 | F69: 0.5 | G69: 1 | H69: 0.005 | J69: =SUM(E69:I69) -> 2.505
A70: 67 | B70: SC-AAM | C70: 0 | D70: Herur | E70: 0.5 | F70: 0.5 | G70: 0.2 | H70: 0.002 | J70: =SUM(E70:I70) -> 1.202
A71: 68 | B71: SC-AAM | C71: 0 | D71: B.Pattan | E71: 0.5 | F71: 0.5 | G71: 0.2 | H71: 0.002 | J71: =SUM(E71:I71) -> 1.202
A72: 69 | B72: SC-AAM | C72: 0 | D72: Kavalga | E72: 1 | F72: 0.5 | G72: 0.2 | H72: 0.002 | J72: =SUM(E72:I72) -> 1.702
A73: 70 | B73: SC-AAM | C73: 0 | D73: Hagargundagi | E73: 1 | F73: 0.5 | G73: 0.2 | H73: 0.002 | J73: =SUM(E73:I73) -> 1.702
A74: 71 | B74: SC-AAM | C74: 0 | D74: Hunsi Hadgil | E74: 1 | F74: 0.5 | G74: 0.5 | H74: 0.002 | J74: =SUM(E74:I74) -> 2.002
A75: 72 | B75: SC-AAM | C75: 0 | D75: Haruti Hadgil | E75: 0.5 | F75: 0.5 | G75: 0.5 | H75: 0.002 | J75: =SUM(E75:I75) -> 1.502
A76: 73 | B76: SC-AAM | C76: 0 | D76: Pattan | E76: 0.5 | F76: 0.5 | G76: 0.2 | H76: 0.005 | J76: =SUM(E76:I76) -> 1.205
A77: 74 | B77: SC-AAM | C77: 0 | D77: Bhimalli | E77: 1 | F77: 1 | G77: 0.2 | H77: 0.002 | J77: =SUM(E77:I77) -> 2.202
A78: 75 | B78: SC-AAM | C78: 0 | D78: Sirsgi | E78: 0.5 | F78: 0.5 | G78: 0.5 | H78: 0.002 | J78: =SUM(E78:I78) -> 1.502
... A81: 78 | B81: SC-AAM | C81: 0 | D81: Firojabad | E81: 1 | F81: 0.5 | G81: 0.2 | H81: 0.002 | J81: =SUM(E81:I81) -> 1.702
A82: 79 | B82: SC-AAM | C82: 0 | D82: Panegaon | E82: 1 | J82: =SUM(E82:I82) -> 1
A83: 80 | B83: SC-AAM | C83: 0 | D83: Saradgi-B | E83: 1 | J83: =SUM(E83:I83) -> 1
A84: 81 | B84: SC-AAM | C84: 0 | D84: Kumsi | E84: 1 | J84: =SUM(E84:I84) -> 1
A85: 82 | B85: SC-AAM | C85: 0 | D85: Astaga | E85: 1 | J85: =SUM(E85:I85) -> 1
A86: 83 | B86: SC-AAM | C86: 0 | D86: Taj Sultanpur | E86: 0.5 | J86: =SUM(E86:I86) -> 0.5
A87: 84 | B87: SC-AAM | C87: 0 | D87: Kunsur | E87: 1 | J87: =SUM(E87:I87) -> 1
A88: 85 | B88: SC-AAM | C88: 0 | D88: Nandikur | E88: 1 | F88: 0.5 | G88: 0.5 | H88: 0.002 | J88: =SUM(E88:I88) -> 2.002
A89: 86 | B89: SC-AAM | C89: 0 | D89: Khanadal | E89: 0.5 | F89: 0.5 | G89: 0.5 | H89: 0.002 | J89: =SUM(E89:I89) -> 1.502
A90: 87 | B90: SC-AAM | C90: 0 | D90: Itga | E90: 1 | F90: 0.5 | G90: 0.2 | H90: 0.002 | J90: =SUM(E90:I90) -> 1.702
A91: 88 | B91: SC-AAM | C91: 0 | D91: Pala | E91: 1 | F91: 1 | G91: 0.2 | H91: 0.002 | J91: =SUM(E91:I91) -> 2.202
A92: 89 | B92: SC-AAM | C92: 0 | D92: Hagarga | E92: 1 | F92: 0.5 | G92: 0.2 | H92: 0.002 | J92: =SUM(E92:I92) -> 1.702
A93: 90 | B93: SC-AAM | C93: 0 | D93: Sonnur | E93: 0.5 | F93: 0.5 | G93: 0.2 | H93: 0.002 | J93: =SUM(E93:I93) -> 1.202
A94: 91 | B94: SC-AAM | C94: 0 | D94: Kalmood | E94: 1 | F94: 0.5 | G94: 0.5 | H94: 0.002 | J94: =SUM(E94:I94) -> 2.002
A95: 92 | B95: SC-AAM | C95: 0 | D95: Hosur | E95: 0.5 | F95: 0.5 | G95: 0.5 | H95: 0.002 | J95: =SUM(E95:I95) -> 1.502
A96: 93 | B96: SC-AAM | C96: 0 | D96: Ladlapur | E96: 0.5 | F96: 0.5 | G96: 0.5 | H96: 0.002 | J96: =SUM(E96:I96) -> 1.502
A97: 94 | B97: SC-AAM | C97: 0 | D97: Halkatta | E97: 1 | F97: 0.5 | G97: 0.5 | H97: 0.002 | J97: =SUM(E97:I97) -> 2.002
A98: 95 | B98: SC-AAM | C98: 0 | D98: Ramatheerth | E98: 0.5 | F98: 0.5 | G98: 0.5 | H98: 0.002 | J98: =SUM(E98:I98) -> 1.502
A99: 96 | B99: SC-AAM | C99: 0 | D99: Bhankalga | E99: 0.5 | F99: 0.5 | G99: 0.5 | H99: 0.002 | J99: =SUM(E99:I99) -> 1.502
... A105: 102 | B105: SC-AAM | C105: 0 | D105: Hebbal | E105: 1 | F105: 0.5 | G105: 0.2 | H105: 0.005 | J105: =SUM(E105:I105) -> 1.705
A106: 103 | B106: SC-AAM | C106: 0 | D106: Chincholi | E106: 1 | J106: =SUM(E106:I106) -> 1
A107: 104 | B107: SC-AAM | C107: 0 | D107: Shellgi | E107: 0.5 | J107: =SUM(E107:I107) -> 0.5
A108: 105 | B108: SC-AAM | C108: 0 | D108: Tunoor | E108: 1 | J108: =SUM(E108:I108) -> 1
A109: 106 | B109: SC-AAM | C109: 0 | D109: Thurkaspeth | E109: 1 | J109: =SUM(E109:I109) -> 1
A110: 107 | B110: SC-AAM | C110: 0 | D110: Sannathi | E110: 0.5 | J110: =SUM(E110:I110) -> 0.5
A111: 108 | B111: SC-AAM | C111: 0 | D111: Gotur | E111: 1 | J111: =SUM(E111:I111) -> 1
A112: 109 | B112: SC-AAM | C112: 0 | D112: Kalgurthi | E112: 0.5 | J112: =SUM(E112:I112) -> 0.5
A113: 110 | B113: SC-AAM | C113: 0 | D113: Gundugurti | E113: 0.5 | F113: 0.5 | G113: 0.2 | H113: 0.005 | J113: =SUM(E113:I113) -> 1.205
A114: 111 | B114: SC-AAM | C114: 0 | D114: Rajapur | E114: 1 | F114: 0.5 | G114: 0.2 | H114: 0.005 | J114: =SUM(E114:I114) -> 1.705
A115: 112 | B115: SC-AAM | C115: 0 | D115: Sugur | E115: 1 | F115: 0.5 | G115: 0.5 | H115: 0.002 | J115: =SUM(E115:I115) -> 2.002
A116: 113 | B116: SC-AAM | C116: 0 | D116: Kodadur | E116: 0.5 | F116: 0.5 | G116: 0.5 | H116: 0.002 | J116: =SUM(E116:I116) -> 1.502
A117: 114 | B117: SC-AAM | C117: 0 | D117: Nalwar Station | E117: 1 | F117: 0.5 | G117: 0.5 | H117: 0.002 | J117: =SUM(E117:I117) -> 2.002
A118: 115 | B118: SC-AAM | C118: 0 | D118: Yagapur | E118: 1 | F118: 0.5 | G118: 0.5 | H118: 0.002 | J118: =SUM(E118:I118) -> 2.002
A119: 116 | B119: SC-AAM | C119: 0 | D119: Bhankur | E119: 0.5 | F119: 0.5 | G119: 0.2 | H119: 0.002 | J119: =SUM(E119:I119) -> 1.202
A120: 117 | B120: SC-AAM | C120: 0 | D120: Marthur | E120: 0.5 | F120: 0.5 | G120: 0.2 | H120: 0.002 | J120: =SUM(E120:I120) -> 1.202
A121: 118 | B121: SC-AAM | C121: 0 | D121: Moulnagaon | E121: 1 | F121: 0.5 | G121: 0.2 | H121: 0.002 | J121: =SUM(E121:I121) -> 1.702
A122: 119 | B122: SC-AAM | C122: 0 | D122: Taranalli | E122: 1 | F122: 0.5 | G122: 0.2 | H122: 0.005 | J122: =SUM(E122:I122) -> 1.705
A123: 120 | B123: SC-AAM | C123: 0 | D123: Hongunta | E123: 0.5 | F123: 0.5 | G123: 0.2 | H123: 0.005 | J123: =SUM(E123:I123) -> 1.205
A124: 121 | B124: SC-AAM | C124: 0 | D124: Gola K | E124: 1 | J124: =SUM(E124:I124) -> 1
A125: 122 | B125: SC-AAM | C125: 0 | D125: Tonasalli | E125: 1 | J125: =SUM(E125:I125) -> 1
...

Sheet Jewargi
A1: Collection of Bio-Medical Waste from Jewargi Taluk, Kalaburagi Dist. in Category wise for the month of JUN-2026
A2: Sr.No | B2: Name Of Hospitals | D2: Quantity of Bio-medical Waste Received All in Kg/month | J2: GENERAL | K2: Total Qty in kg/month
D3: BED'S | E3: PLACE | F3: YELLOW | G3: RED | H3: BLUE | I3: WHITE
A4: 1 | B4: ADITYA CLINIC | C4: CL | E4: JEWARGI | F4: 3 | G4: 2 | H4: 2 | I4: 0.01 | K4: =SUM(F4:J4) -> 7.01
A5: 2 | B5: AL HAYAT CLINIC | C5: CL | E5: JEWARGI | F5: 3 | G5: 1 | H5: 2 | I5: 0.01 | J5: 5 | K5: =SUM(F5:J5) -> 11.01
A6: 3 | B6: AL SHIFA CLINIC | C6: CL | E6: JEWARGI | F6: 1 | G6: 1 | H6: 5 | I6: 0.01 | K6: =SUM(F6:J6) -> 7.01
A7: 4 | B7: AMOGHA HOSPITAL | C7: BH | D7: 6 | E7: JEWARGI | F7: 8 | G7: 3 | H7: 2 | I7: 0.02 | K7: =SUM(F7:J7) -> 13.02
A8: 5 | B8: ARJUN DENTAL AND IMPLANT CENTRE | C8: DC | E8: JEWARGI | F8: 1 | G8: 0.5 | H8: 0.5 | I8: 0.01 | K8: =SUM(F8:J8) -> 2.01
A9: 6 | B9: AROGYA HOSPITAL | C9: BH | D9: 5 | E9: JEWARGI | F9: 6 | G9: 2 | H9: 2 | I9: 0.02 | K9: =SUM(F9:J9) -> 10.02
A10: 7 | B10: BADAGHAR HEALTH CARE CLINIC | C10: CL | E10: JEWARGI | F10: 1 | G10: 2 | H10: 2 | I10: 0.01 | J10: 5 | K10: =SUM(F10:J10) -> 10.01
A11: 8 | B11: BANGALORE CLINIC | C11: CL | E11: JEWARGI | F11: 1 | G11: 1 | H11: 2 | I11: 0.01 | K11: =SUM(F11:J11) -> 4.01
A12: 9 | B12: BASAVA CLINIC | C12: CL | E12: JEWARGI | F12: 3 | G12: 1 | H12: 2 | I12: 0.01 | J12: 0 | K12: =SUM(F12:J12) -> 6.01
A13: 10 | B13: BASAVA CLINIC JEWARGI | C13: CL | E13: JEWARGI | F13: 1 | G13: 1 | H13: 2 | I13: 0.01 | K13: =SUM(F13:J13) -> 4.01
A14: 11 | B14: GANGOTRI MULTISPECIALITY HOSPITAL | C14: BH | D14: 20 | E14: YADRAMI | F14: 15 | G14: 16 | H14: 9 | I14: 0.5 | J14: 3 | K14: =SUM(F14:J14) -> 43.5
A15: 12 | B15: SADGURU SIDDAROODH SWAMY HOSPITAL | C15: BH | D15: 4 | E15: NELOGI | F15: 1 | G15: 1 | H15: 2 | I15: 0.01 | K15: =SUM(F15:J15) -> 4.01
A16: 13 | B16: BASAVA CLINIC KOLKUR | C16: CL | E16: JEWARGI | F16: 1 | G16: 1 | H16: 2 | I16: 0.01 | K16: =SUM(F16:J16) -> 4.01
A17: 14 | B17: BASAVA HOSPITAL | C17: BH | D17: 8 | E17: JEWARGI | F17: 4 | G17: 4 | H17: 2 | I17: 0.01 | J17: 5 | K17: =SUM(F17:J17) -> 15.01
A18: 15 | B18: BHAGYASHREE CLINIC | C18: CL | E18: JEWARGI | F18: 3 | G18: 1 | H18: 2 | I18: 0.01 | J18: 0 | K18: =SUM(F18:J18) -> 6.01
A19: 16 | B19: BHARAT CLINIC | C19: CL | E19: JEWARGI | F19: 2 | G19: 2 | H19: 1 | I19: 0.01 | K19: =SUM(F19:J19) -> 5.01
A20: 17 | B20: BIJAPUR LIFE CARE CLINIC | C20: CL | E20: JEWARGI | F20: 2 | G20: 2 | H20: 1 | I20: 0.01 | K20: =SUM(F20:J20) -> 5.01
A21: 18 | B21: BOMBAY CLINIC | C21: CL | E21: JEWARGI | F21: 2 | G21: 2 | H21: 2 | I21: 0.01 | K21: =SUM(F21:J21) -> 6.01
A22: 19 | B22: CHIRAG MS HOSPTIAL | C22: BH | D22: 25 | E22: JEWARGI | F22: 15 | G22: 16 | H22: 9 | I22: 0.5 | J22: 3 | K22: =SUM(F22:J22) -> 43.5
A23: 20 | B23: DEC Salt Project Karnataka | C23: LAB | E23: JEWARGI | F23: 2 | G23: 1 | I23: 0.01 | K23: =SUM(F23:J23) -> 3.01
A24: 21 | B24: DR. KK’S DENTAL SPACE | C24: DC | E24: JEWARGI | F24: 2 | G24: 0.5 | H24: 0.5 | I24: 0.01 | K24: =SUM(F24:J24) -> 3.01
A25: 22 | B25: EXPERT DIAGNOSTIC LABORATORY | C25: LAB | E25: JEWARGI | F25: 2 | G25: 1 | I25: 0.01 | K25: =SUM(F25:J25) -> 3.01
A26: 23 | B26: GOLA DENTAL CLINIC | C26: DC | E26: JEWARGI | F26: 2 | G26: 0.5 | H26: 0.5 | I26: 0.01 | K26: =SUM(F26:J26) -> 3.01
A27: 24 | B27: GOUDAR MATERNITY AND GENERAL HSOPITAL | C27: BH | D27: 6 | E27: JEWARGI | F27: 7 | G27: 4 | H27: 2 | I27: 0.02 | K27: =SUM(F27:J27) -> 13.02
A28: 25 | B28: JAKATI CHILDRENS HOSPITAL | C28: BH | D28: 10 | E28: JEWARGI | F28: 5 | G28: 3 | H28: 3 | I28: 0.01 | J28: 7 | K28: =SUM(F28:J28) -> 18.01
A29: 26 | B29: KALABURAGI LIFE CARE CLINIC | C29: CL | E29: JEWARGI | F29: 1 | G29: 1 | H29: 1 | I29: 0.01 | K29: =SUM(F29:J29) -> 3.01
A30: 27 | B30: LAXMI DIAGNOSTIC LABORATORY | C30: LAB | E30: JEWARGI | F30: 2 | G30: 2 | I30: 0.01 | K30: =SUM(F30:J30) -> 4.01
A31: 28 | B31: LIFE CLINIC | C31: CL | E31: JEWARGI | F31: 1 | G31: 2 | H31: 2 | I31: 0.01 | J31: 5 | K31: =SUM(F31:J31) -> 10.01
A32: 29 | B32: MAHALAXMI LAB JEWARGI | C32: LAB | E32: JEWARGI | F32: 2 | G32: 2 | I32: 0.01 | K32: =SUM(F32:J32) -> 4.01
A33: 30 | B33: MIRAJ MULTISPECIALITY HOSPITAL | C33: BH | D33: 12 | E33: JEWARGI | F33: 6 | G33: 3 | H33: 2 | I33: 0.4 | K33: =SUM(F33:J33) -> 11.4
A34: 31 | B34: NANDI DIAGNOSTIC LABORATORY | C34: LAB | E34: JEWARGI | F34: 3 | G34: 1 | I34: 0.01 | K34: =SUM(F34:J34) -> 4.01
A35: 32 | B35: NIRMALA DEVI CHILD AND MATERNITY CLINIC | C35: CL | E35: JEWARGI | F35: 1 | G35: 2 | H35: 2 | I35: 0.01 | J35: 0 | K35: =SUM(F35:J35) -> 5.01
A36: 33 | B36: NIRMALA HOSPITAL (CLINIC) | C36: CL | E36: JEWARGI | F36: 2 | G36: 2 | H36: 2 | I36: 0.01 | J36: 5 | K36: =SUM(F36:J36) -> 11.01
A37: 34 | B37: NOOLA CLINIC | C37: CL | E37: YADRAMI | F37: 3 | G37: 2 | H37: 3 | I37: 0.01 | K37: =SUM(F37:J37) -> 8.01
A38: 35 | B38: SHREE BASAVA CLINIC | C38: CL | E38: YADRAMI | F38: 2 | G38: 1 | H38: 2 | I38: 0.01 | K38: =SUM(F38:J38) -> 5.01
A39: 36 | B39: SHREE PARVATI CLINIC | C39: CL | E39: YADRAMI | F39: 3 | G39: 1 | H39: 2 | I39: 0.01 | K39: =SUM(F39:J39) -> 6.01
A40: 37 | B40: LALITA CLINIC | C40: CL | E40: YADRAMI | F40: 2 | G40: 2 | H40: 5 | I40: 0.01 | K40: =SUM(F40:J40) -> 9.01
A41: 38 | B41: S B CLINIC, YEDRAMI | C41: CL | E41: YADRAMI | F41: 2 | G41: 1 | H41: 2 | I41: 0.01 | K41: =SUM(F41:J41) -> 5.01
A42: 39 | B42: SRI SHARANABASAVESHWAR CLINIC | C42: CL | E42: YADRAMI | F42: 4 | G42: 1 | H42: 2 | I42: 0.01 | K42: =SUM(F42:J42) -> 7.01
A43: 40 | B43: SUBHANI CLINIC | C43: CL | E43: YADRAMI | F43: 2 | G43: 1 | H43: 2 | I43: 0.01 | K43: =SUM(F43:J43) -> 5.01
A44: 41 | B44: SHRI ANNAPURNA CLINIC | C44: CL | E44: YADRAMI | F44: 2 | G44: 2 | H44: 2 | I44: 0.01 | K44: =SUM(F44:J44) -> 6.01
A45: 42 | B45: SHRI BASAVA BHAGYA CLINIC | C45: CL | E45: YADRAMI | F45: 2 | G45: 1 | H45: 2 | I45: 0.01 | K45: =SUM(F45:J45) -> 5.01
A46: 43 | B46: ATHARVA CLINIC | C46: CL | E46: YADRAMI | F46: 3 | G46: 1 | H46: 2 | I46: 0.01 | K46: =SUM(F46:J46) -> 6.01
A47: 44 | B47: SANJEEVINI CLINIC | C47: CL | E47: YADRAMI | F47: 2 | G47: 2 | H47: 3 | I47: 0.01 | K47: =SUM(F47:J47) -> 7.01
A48: 45 | B48: SHREE BANASHANKARI DENTAL CLINIC | C48: CL | E48: YADRAMI | F48: 2 | G48: 2 | H48: 2 | I48: 0.01 | K48: =SUM(F48:J48) -> 6.01
... A53: 50 | B53: LIFE CARE CLINIC | C53: CL | E53: IJERI | F53: 1 | G53: 0.5 | H53: 0.5 | I53: 0.01 | K53: =SUM(F53:J53) -> 2.01
A54: 51 | B54: PATEL CLINIC | C54: CL | E54: JEWARGI | F54: 2 | G54: 1 | H54: 1 | I54: 0.01 | J54: 0 | K54: =SUM(F54:J54) -> 4.01
A55: 52 | B55: PATEL HEALTH CARE CLINIC | C55: CL | E55: JEWARGI | F55: 2 | G55: 1 | H55: 1 | I55: 0.01 | J55: 5 | K55: =SUM(F55:J55) -> 9.01
A56: 53 | B56: POONA MULTISPECIALITY HOSPITAL | C56: BH | D56: 11 | E56: JEWARGI | F56: 5 | G56: 3 | H56: 3 | I56: 0.5 | J56: 7 | K56: =SUM(F56:J56) -> 18.5
A57: 54 | B57: PRAGATI DIAGNOSTIC LABORATORY | C57: LAB | E57: JEWARGI | F57: 1 | G57: 1 | I57: 0.01 | K57: =SUM(F57:J57) -> 2.01
A58: 55 | B58: BIRADAR DENTAL HOSPITAL | C58: DC | E58: YADRAMI | F58: 1 | G58: 0.5 | H58: 0.5 | I58: 0.01 | K58: =SUM(F58:J58) -> 2.01
A59: 56 | B59: S R DIAGNOSTICS AND IMAGING CENTRE PVT LTD | C59: LAB | E59: JEWARGI | F59: 2 | G59: 1 | I59: 0.01 | K59: =SUM(F59:J59) -> 3.01
A60: 57 | B60: SAI CLINIC | C60: CL | E60: JEWARGI | F60: 1 | G60: 1 | H60: 2 | I60: 0.01 | K60: =SUM(F60:J60) -> 4.01
A61: 58 | B61: SAI’S DENTAL AND IMPLANT CENTER | C61: DC | E61: JEWARGI | F61: 1 | G61: 0.5 | H61: 0.5 | I61: 0.01 | K61: =SUM(F61:J61) -> 2.01
A62: 59 | B62: SAJJAN DIAGNOSTIC LABORATORY | C62: LAB | E62: JEWARGI | F62: 3 | G62: 1 | I62: 0.01 | K62: =SUM(F62:J62) -> 4.01
A63: 60 | B63: SANJEEVINI CLINIC | C63: CL | E63: JEWARGI | F63: 2 | G63: 1 | H63: 2 | I63: 0.01 | J63: 5 | K63: =SUM(F63:J63) -> 10.01
A64: 61 | B64: SANJEEVINI DIAGNOSTIC LABORATORY | C64: LAB | E64: JEWARGI | F64: 2 | G64: 2 | I64: 0.01 | K64: =SUM(F64:J64) -> 4.01
A65: 62 | B65: SANJEEVINI HOSPITAL | C65: BH | D65: 5 | E65: JEWARGI | F65: 5 | G65: 3 | H65: 3 | I65: 0.02 | J65: 0 | K65: =SUM(F65:J65) -> 11.02
A66: 63 | B66: SHIFA CLINIC | C66: CL | E66: JEWARGI | F66: 2 | G66: 2 | H66: 2 | I66: 0.01 | J66: 5 | K66: =SUM(F66:J66) -> 11.01
A67: 64 | B67: SANGAMESHWARA CLINICAL LABORATORY | C67: LAB | E67: YADRAMI | F67: 1 | G67: 1 | I67: 0.01 | K67: =SUM(F67:J67) -> 2.01
A68: 65 | B68: S M CLINICAL LABORATORY | C68: LAB | E68: YADRAMI | F68: 1 | G68: 1 | I68: 0.01 | K68: =SUM(F68:J68) -> 2.01
A69: 66 | B69: SHIVA CLINIC | C69: CL | E69: JEWARGI | F69: 2 | G69: 2 | H69: 2 | I69: 0.01 | K69: =SUM(F69:J69) -> 6.01
A70: 67 | B70: SHREE DHANVANTRI CLINIC | C70: CL | E70: JEWARGI | F70: 3 | G70: 1 | H70: 3 | I70: 0.01 | K70: =SUM(F70:J70) -> 7.01
A71: 68 | B71: SHREE SAI CLINIC | C71: CL | E71: JEWARGI | F71: 2 | G71: 2 | H71: 2 | I71: 0.01 | J71: 5 | K71: =SUM(F71:J71) -> 11.01
A72: 69 | B72: SHREE SWAMY CLINIC | C72: CL | E72: JEWARGI | F72: 3 | G72: 1 | H72: 1 | I72: 0.01 | J72: 5 | K72: =SUM(F72:J72) -> 10.01
A73: 70 | B73: SHREYAS DIAGNOSTIC LABORATORY | C73: LAB | E73: JEWARGI | F73: 2 | G73: 2 | I73: 0.01 | K73: =SUM(F73:J73) -> 4.01
A74: 71 | B74: SHREYAS MULTISPECIALITY AND TRAUMA CARE HOSPITAL | C74: BH | D74: 15 | E74: JEWARGI | F74: 10 | G74: 5 | H74: 3 | I74: 0.4 | J74: 0 | K74: =SUM(F74:J74) -> 18.4
A75: 72 | B75: SOFI HOSPITAL | C75: BH | D75: 8 | E75: JEWARGI | F75: 5 | G75: 2 | H75: 2 | I75: 0.2 | K75: =SUM(F75:J75) -> 9.2
A76: 73 | B76: SOLAPUR CLINIC | C76: CL | E76: JEWARGI | F76: 3 | G76: 1 | H76: 1 | I76: 0.01 | J76: 5 | K76: =SUM(F76:J76) -> 10.01
A77: 74 | B77: SRI MARADI MALLIKARJUN DIAGNOSTIC LABORATORY | C77: LAB | E77: JEWARGI | F77: 3 | G77: 2 | I77: 0.01 | K77: =SUM(F77:J77) -> 5.01
A78: 75 | B78: SURAJ ULTRASOUND SCANNING CENTRE | C78: SC | E78: JEWARGI | F78: 2 | G78: 2 | I78: 0.01 | K78: =SUM(F78:J78) -> 4.01
A79: 76 | B79: THAKUR CHILDREN CLINIC | C79: CL | E79: JEWARGI | F79: 2 | G79: 1 | H79: 2 | I79: 0.01 | K79: =SUM(F79:J79) -> 5.01
A80: 77 | B80: VENKATESHWAR DENTAL CLINIC | C80: CL | E80: JEWARGI | F80: 3 | G80: 2 | H80: 1 | I80: 0.01 | J80: 0 | K80: =SUM(F80:J80) -> 6.01
B82: TOTAL | D82: =SUM(D4:D80) -> 135 | F82: =SUM(F4:F80) -> 218 | G82: =SUM(G4:G80) -> 150 | H82: =SUM(H4:H80) -> 137 | I82: =SUM(I4:I80) -> 3.25 | J82: =SUM(J4:J80) -> 75 | K82: =SUM(K4:K80) -> 583.25
B87: BEDDED HOSPITAL | D87: 13 | F87: M/s. Parisara Associates, Yadgir (CBMWTF)
B88: NON BEDED HOSPITAL/CLINIC | D88: 45
B89: DENTAL | D89: 5
B90: LABORATORY | D90: 13
B91: SCANNING Centre | D91: 1
B92: BLOOD BANK | D92: 0
B93: TOTAL | D93: =SUM(D87:D92) -> 77

Sheet Sedam
A1: Collection of Bio-Medical Waste from Sedam Taluk, Kalaburagi Dist. in Category wise for the month of JUN-2026
A2: Sr.No | B2: Name Of Hospitals | D2: Quantity of Bio-medical Waste Received All in Kg/month | J2: GENERAL | K2: Total Qty in kg/month
D3: BED'S | E3: PLACE | F3: YELLOW | G3: RED | H3: BLUE | I3: WHITE
A4: 1 | B4: AAROGYA DIAGNOSTIC CENTRE | C4: LAB | E4: SEDAM | F4: 2 | G4: 2 | I4: 0.01 | K4: =SUM(F4:J4) -> 4.01
A5: 2 | B5: AGNOOR CLINIC | C5: CL | E5: SEDAM | F5: 3 | G5: 1 | H5: 2 | I5: 0.01 | K5: =SUM(F5:J5) -> 6.01
A6: 3 | B6: AMMA CLINIC | C6: CL | E6: SEDAM | F6: 2 | G6: 2 | H6: 3 | I6: 0.01 | K6: =SUM(F6:J6) -> 7.01
A7: 4 | B7: AROGYA CLINIC | C7: CL | E7: SEDAM | F7: 2 | G7: 1 | H7: 3 | I7: 0.01 | K7: =SUM(F7:J7) -> 6.01
A8: 5 | B8: ASHWINI MULTISPECIALITY HOSPITAL | C8: BH | D8: 7 | E8: SEDAM | F8: 8 | G8: 4 | H8: 3 | I8: 0.02 | K8: =SUM(F8:J8) -> 15.02
A9: 6 | B9: AYUSH CLINIC | C9: CL | E9: SEDAM | F9: 4 | G9: 1 | H9: 2 | I9: 0.01 | J9: 0 | K9: =SUM(F9:J9) -> 7.01
A10: 7 | B10: BALABHEEMASENA CLINIC | C10: CL | E10: SEDAM | F10: 2 | G10: 1 | H10: 1 | I10: 0.01 | K10: =SUM(F10:J10) -> 4.01
A11: 8 | B11: BASAVA CLINIC SEDAM | C11: CL | E11: SEDAM | F11: 3 | G11: 2 | H11: 2 | I11: 0.01 | K11: =SUM(F11:J11) -> 7.01
A12: 9 | B12: CHIRAYU HOSPITAL SEDAM | C12: BH | D12: 8 | E12: SEDAM | F12: 8 | G12: 4 | H12: 3 | I12: 0.02 | K12: =SUM(F12:J12) -> 15.02
A13: 10 | B13: CHETAN CLINIC | C13: CL | E13: SEDAM | F13: 2 | G13: 2 | H13: 1 | I13: 0.01 | K13: =SUM(F13:J13) -> 5.01
A14: 11 | B14: DHANVANTRI OCCUPATIONAL HEALTH CENTER MALKHED | C14: BH | D14: 8 | E14: MALKHED | F14: 3 | G14: 2 | H14: 2 | I14: 0.01 | K14: =SUM(F14:J14) -> 7.01
A15: 12 | B15: DENTAL CLINIC | C15: DC | E15: SEDAM | F15: 2 | G15: 0.5 | H15: 0.5 | I15: 0.01 | K15: =SUM(F15:J15) -> 3.01
A16: 13 | B16: DR AZHAR CLINIC | C16: CL | E16: SEDAM | F16: 2 | G16: 1 | H16: 2 | I16: 0.01 | K16: =SUM(F16:J16) -> 5.01
A17: 14 | B17: DR VENKAT REDDY PATIL HOSPITAL | C17: BH | D17: 10 | E17: SEDAM | F17: 7 | G17: 3 | H17: 3 | I17: 0.2 | J17: 0 | K17: =SUM(F17:J17) -> 13.2
A18: 15 | B18: DR. SANGAVI HOSPITAL | C18: BH | D18: 5 | E18: SEDAM | F18: 8 | G18: 3 | H18: 2 | I18: 0.1 | K18: =SUM(F18:J18) -> 13.1
A19: 16 | B19: HEMAREDDY MALLAMMA MEDICAL CENTRE | C19: CL | E19: SEDAM | F19: 3 | G19: 1 | H19: 2 | I19: 0.01 | K19: =SUM(F19:J19) -> 6.01
A20: 17 | B20: HUMA MEDICAL CENTRE | C20: CL | E20: SEDAM | F20: 3 | G20: 1 | H20: 2 | I20: 0.01 | K20: =SUM(F20:J20) -> 6.01
A21: 18 | B21: KANKERIS KIDS CARE | C21: CL | E21: SEDAM | F21: 3 | G21: 1 | H21: 5 | I21: 0.01 | J21: 5 | K21: =SUM(F21:J21) -> 14.01
A22: 19 | B22: KOLLUR ORTHO CARE | C22: CL | E22: SEDAM | F22: 3 | G22: 1 | H22: 2 | I22: 0.01 | K22: =SUM(F22:J22) -> 6.01
A23: 20 | B23: MATRUCHAYA CLINIC | C23: CL | E23: SEDAM | F23: 2 | G23: 1 | H23: 2 | I23: 0.01 | K23: =SUM(F23:J23) -> 5.01
A24: 21 | B24: NISARGA MULTI CARE HOSPITAL | C24: BH | D24: 5 | E24: SEDAM | F24: 6 | G24: 3 | H24: 4 | I24: 0.01 | K24: =SUM(F24:J24) -> 13.01
A25: 22 | B25: OCCUPATIONAL HEALTH CENTRE SARAL NAGAR CEMENT WORKS | C25: BH | D25: 4 | E25: SEDAM | F25: 4 | G25: 2 | H25: 2 | I25: 0.01 | K25: =SUM(F25:J25) -> 8.01
A26: 23 | B26: PATIL MEDICAL CENTRE | C26: CL | E26: SEDAM | F26: 2 | G26: 1 | H26: 2 | I26: 0.01 | K26: =SUM(F26:J26) -> 5.01
A27: 24 | B27: RADHAKRISHNA HOSPITAL | C27: BH | D27: 10 | E27: SEDAM | F27: 8 | G27: 4 | H27: 2 | I27: 0.1 | J27: 0 | K27: =SUM(F27:J27) -> 14.1
A28: 25 | B28: RANJOLKAR HOSPITAL | C28: CL | E28: SEDAM | F28: 3 | G28: 2 | H28: 3 | I28: 0.01 | K28: =SUM(F28:J28) -> 8.01
A29: 26 | B29: REDDY HOSPITAL | C29: BH | D29: 10 | E29: SEDAM | F29: 10 | G29: 3 | H29: 3 | I29: 0.3 | J29: 5 | K29: =SUM(F29:J29) -> 21.3
A30: 27 | B30: SADASHIV HOSPITAL | C30: CL | E30: SEDAM | F30: 2 | G30: 2 | H30: 3 | I30: 0.01 | K30: =SUM(F30:J30) -> 7.01
A31: 28 | B31: SANJEEVINI CLINIC | C31: CL | E31: SEDAM | F31: 3 | G31: 1 | H31: 2 | I31: 0.01 | K31: =SUM(F31:J31) -> 6.01
A32: 29 | B32: SANJEEVINI CLINIC SEDAM | C32: CL | E32: SEDAM | F32: 2 | G32: 2 | H32: 2 | I32: 0.01 | K32: =SUM(F32:J32) -> 6.01
A33: 30 | B33: SARVODAYA HOSPITAL | C33: BH | D33: 15 | E33: SEDAM | F33: 12 | G33: 5 | H33: 2 | I33: 0.3 | J33: 15 | K33: =SUM(F33:J33) -> 34.3
A34: 31 | B34: SEDAM DANTALAYA | C34: DC | E34: SEDAM | F34: 2 | G34: 0.5 | H34: 0.5 | I34: 0.01 | K34: =SUM(F34:J34) -> 3.01
A35: 32 | B35: SEDAM DIAGNOSTIC LABORATORY | C35: LAB | E35: SEDAM | F35: 3 | G35: 2 | I35: 0.01 | K35: =SUM(F35:J35) -> 5.01
A36: 33 | B36: SEDAM HOSPITAL | C36: BH | D36: 15 | E36: SEDAM | F36: 13 | G36: 4 | H36: 3 | I36: 0.3 | J36: 8 | K36: =SUM(F36:J36) -> 28.3
A37: 34 | B37: AYUSH CHILDREN HOSPITAL | C37: CL | E37: MUDHOL | F37: 3 | G37: 1 | H37: 1 | I37: 0.01 | K37: =SUM(F37:J37) -> 5.01
A38: 35 | B38: DHANVANTRI CLINIC | C38: CL | E38: MUDHOL | F38: 4 | G38: 1 | H38: 2 | I38: 0.01 | K38: =SUM(F38:J38) -> 7.01
A39: 36 | B39: SANGAMESHWAR CLINIC | C39: CL | E39: MUDHOL | F39: 2 | G39: 2 | H39: 1 | I39: 0.01 | K39: =SUM(F39:J39) -> 5.01
A40: 37 | B40: SRI VENKATESHWAR CLINIC | C40: CL | E40: MUDHOL | F40: 2 | G40: 1 | H40: 1 | I40: 0.01 | K40: =SUM(F40:J40) -> 4.01
A41: 38 | B41: SOUMYA CLINIC | C41: CL | E41: MUDHOL | F41: 2 | G41: 1 | H41: 1 | I41: 0.01 | K41: =SUM(F41:J41) -> 4.01
A42: 39 | B42: SHAH DENTAL CLINIC | C42: DC | E42: SEDAM | F42: 1 | G42: 0.5 | H42: 0.5 | I42: 0.01 | K42: =SUM(F42:J42) -> 2.01
A43: 40 | B43: SHAH MEDICAL CENTRE | C43: CL | E43: SEDAM | F43: 3 | G43: 2 | H43: 4 | I43: 0.01 | K43: =SUM(F43:J43) -> 9.01
A44: 41 | B44: SHREE CLINIC | C44: CL | E44: SEDAM | F44: 2 | G44: 1 | H44: 2 | I44: 0.01 | J44: 5 | K44: =SUM(F44:J44) -> 10.01
A45: 42 | B45: SMILE DENTAL CLINIC | C45: DC | E45: SEDAM | F45: 2 | G45: 0.5 | H45: 0.5 | I45: 0.01 | K45: =SUM(F45:J45) -> 3.01
A46: 43 | B46: SRI BALAJI DIAGNOSTIC | C46: LAB | E46: SEDAM | F46: 2 | G46: 3 | I46: 0.01 | K46: =SUM(F46:J46) -> 5.01
A47: 44 | B47: SRI VENKATESHWARA CLINIC | C47: CL | E47: SEDAM | F47: 2 | G47: 2 | H47: 3 | I47: 0.01 | J47: 5 | K47: =SUM(F47:J47) -> 12.01
A48: 45 | B48: SRI VENKATESHWARA CLINIC SEDAM | C48: CL | E48: SEDAM | F48: 3 | G48: 2 | H48: 2 | I48: 0.01 | K48: =SUM(F48:J48) -> 7.01
A49: 46 | B49: BHOOMIKA CLINIC MALKHED | C49: CL | E49: SEDAM | F49: 3 | G49: 2 | H49: 4 | I49: 0.01 | K49: =SUM(F49:J49) -> 9.01
A50: 47 | B50: DR ASMA ZAMEER CLINIC SEDAM | C50: CL | E50: SEDAM | F50: 2 | G50: 1 | H50: 2 | I50: 0.01 | J50: 5 | K50: =SUM(F50:J50) -> 10.01
A51: 48 | B51: Dr S N Doddamani Clinic Sedam | C51: CL | E51: SEDAM | F51: 3 | G51: 2 | H51: 4 | I51: 0.01 | K51: =SUM(F51:J51) -> 9.01
A52: 49 | B52: HARSHA HEALTH CARE CENTRE | C52: CL | E52: SEDAM | F52: 2 | G52: 1 | H52: 2 | I52: 0.01 | J52: 5 | K52: =SUM(F52:J52) -> 10.01
A53: 50 | B53: INDIAN CLINIC | C53: CL | E53: SEDAM | F53: 3 | G53: 2 | H53: 4 | I53: 0.01 | K53: =SUM(F53:J53) -> 9.01
A54: 51 | B54: IS CARE CLINIC | C54: CL | E54: SEDAM | F54: 2 | G54: 1 | H54: 2 | I54: 0.01 | J54: 5 | K54: =SUM(F54:J54) -> 10.01
A55: 52 | B55: MARUTI DIAGNOSTIC LABORATORY | C55: LAB | E55: SEDAM | F55: 2 | G55: 3 | I55: 0.01 | K55: =SUM(F55:J55) -> 5.01
A56: 53 | B56: MK NOBLE MULTISPECIALITY HOSPITAL, SEDAM | C56: BH | D56: 8 | E56: SEDAM | F56: 8 | G56: 4 | H56: 2 | I56: 0.02 | J56: 0 | K56: =SUM(F56:J56) -> 14.02
A57: 54 | B57: PAYAL CLINIC, SEDAM | C57: CL | E57: SEDAM | F57: 3 | G57: 2 | H57: 4 | I57: 0.01 | K57: =SUM(F57:J57) -> 9.01
A58: 55 | B58: POLY CLINIC AND HOSPITAL | C58: CL | E58: SEDAM | F58: 2 | G58: 1 | H58: 2 | I58: 0.01 | J58: 5 | K58: =SUM(F58:J58) -> 10.01
A59: 56 | B59: Priyanka Clinic Sedam | C59: CL | E59: SEDAM | F59: 3 | G59: 2 | H59: 4 | I59: 0.01 | K59: =SUM(F59:J59) -> 9.01
A60: 57 | B60: RUDRAPPA PATIL MEMORIAL HOSPITAL | C60: CL | E60: SEDAM | F60: 3 | G60: 2 | H60: 4 | I60: 0.01 | K60: =SUM(F60:J60) -> 9.01
A61: 58 | B61: SAI BALAJI CLINIC SEDAM | C61: CL | E61: SEDAM | F61: 2 | G61: 1 | H61: 2 | I61: 0.01 | J61: 5 | K61: =SUM(F61:J61) -> 10.01
A62: 59 | B62: Sangameshwar Clinic Sedam Reddy | C62: CL | E62: SEDAM | F62: 3 | G62: 2 | H62: 4 | I62: 0.01 | K62: =SUM(F62:J62) -> 9.01
A63: 60 | B63: SANGAMESHWARA CLINIC SEDAM | C63: CL | E63: SEDAM | F63: 2 | G63: 1 | H63: 2 | I63: 0.01 | J63: 5 | K63: =SUM(F63:J63) -> 10.01
A64: 61 | B64: SANJEEVINI CLINIC SEDAM 02 | C64: CL | E64: SEDAM | F64: 3 | G64: 2 | H64: 4 | I64: 0.01 | K64: =SUM(F64:J64) -> 9.01
A65: 62 | B65: SARKAR CLINIC (CLOSED) | C65: CL | E65: SEDAM | F65: 2 | G65: 1 | H65: 2 | I65: 0.01 | J65: 5 | K65: =SUM(F65:J65) -> 10.01
A66: 63 | B66: SHIRI DIAGNOSTIC CARE, SEDAM | C66: LAB | E66: SEDAM | F66: 2 | G66: 3 | I66: 0.01 | K66: =SUM(F66:J66) -> 5.01
A67: 64 | B67: SHREE BASAVA HOSPITAL SEDAM | C67: CL | E67: SEDAM | F67: 3 | G67: 2 | H67: 4 | I67: 0.01 | K67: =SUM(F67:J67) -> 9.01
A68: 65 | B68: SHREE CEMENT LIMITED KODLA | C68: CL | E68: SEDAM | F68: 2 | G68: 1 | H68: 2 | I68: 0.01 | J68: 5 | K68: =SUM(F68:J68) -> 10.01
A69: 66 | B69: SHREE DATTA CLINIC SEDAM | C69: CL | E69: SEDAM | F69: 3 | G69: 2 | H69: 4 | I69: 0.01 | K69: =SUM(F69:J69) -> 9.01
A70: 67 | B70: SHREE R K DIAGNOSTIC CARE | C70: LAB | E70: SEDAM | F70: 2 | G70: 1 | H70: 2 | I70: 0.01 | J70: 5 | K70: =SUM(F70:J70) -> 10.01
A71: 68 | B71: SOUMYA CLINIC | C71: CL | E71: SEDAM | F71: 3 | G71: 2 | H71: 4 | I71: 0.01 | K71: =SUM(F71:J71) -> 9.01
A72: 69 | B72: THA CLINIC | C72: CL | E72: SEDAM | F72: 2 | G72: 1 | H72: 2 | I72: 0.01 | J72: 5 | K72: =SUM(F72:J72) -> 10.01
A73: 70 | B73: ULTRA TECH CEMENT (WORKS : RAJASHREE CEMENT WORKS)MALKHED | C73: BH | D73: 4 | E73: SEDAM | F73: 4 | G73: 2 | H73: 2 | I73: 0.01 | K73: =SUM(F73:J73) -> 8.01
A74: 71 | B74: Umamaheshwar Clinic | C74: CL | E74: SEDAM | F74: 2 | G74: 1 | H74: 2 | I74: 0.01 | J74: 5 | K74: =SUM(F74:J74) -> 10.01
B76: TOTAL | D76: =SUBTOTAL(9,D4:D75) -> 109 | F76: =SUBTOTAL(9,F4:F75) -> 241 | G76: =SUBTOTAL(9,G4:G75) -> 128 | H76: =SUBTOTAL(9,H4:H75) -> 159 | I76: =SUBTOTAL(9,I4:I75) -> 1.98 | J76: =SUBTOTAL(9,J4:J75) -> 98 | K76: =SUBTOTAL(9,K4:K75) -> 627.98
B81: BEDDED HOSPITAL | D81: 13
B82: NON BEDED HOSPITAL/CLINIC | D82: 48
B83: DENTAL | D83: 4 | F83: M/s. Parisara Associates, Yadgir (CBMWTF)
B84: LABORATORY | D84: 6
B85: SCANNING Centre | D85: 0
B86: BLOOD BANK | D86: 0
B87: TOTAL | D87: =SUM(D81:D86) -> 71

Sheet Chittapur
A1: Collection of Bio-Medical Waste from Chittapur Taluk, KalaburagiDist. in Category wise for the month of JUN-2026
A2: Sr.No | B2: Name Of Hospitals | D2: Quantity of Bio-medical Waste Received in Kg/month | J2: GENERAL | K2: Total Qty in kg/month
D3: BED'S | E3: PLACE | F3: YELLOW | G3: RED | H3: BLUE | I3: WHITE
A4: 1 | B4: DR OHM INDO-GERMAN HOSPITAL | C4: BH | D4: 12 | E4: CHITTAPUR | F4: 11 | G4: 4 | H4: 3 | I4: 0.2 | J4: 0 | K4: =SUM(F4:J4) -> 18.2
A5: 2 | B5: AL KAUASAR ORTHO MATERNITY AND MULTISPECIALITY HOSPITAL | C5: BH | D5: 6 | E5: CHITTAPUR | F5: 6 | G5: 4 | H5: 3 | I5: 0.1 | K5: =SUM(F5:J5) -> 13.1
A6: 3 | B6: SAI HOSPITAL | C6: BH | D6: 5 | E6: SHAHABAD | F6: 7 | G6: 3 | H6: 3 | I6: 0.1 | J6: 6 | K6: =SUM(F6:J6) -> 19.1
A7: 4 | B7: HANIYA HEALTH CARE MATERNITY AND GENERAL HOSPITAL | C7: BH | D7: 8 | E7: WADI | F7: 10 | G7: 2 | H7: 2 | I7: 0.1 | J7: 0 | K7: =SUM(F7:J7) -> 14.1
A8: 5 | B8: JEEVAN SEVA MATERNITY AND GENERAL HOSPITAL | C8: BH | D8: 8 | E8: WADI | F8: 9 | G8: 2 | H8: 3 | I8: 0.1 | K8: =SUM(F8:J8) -> 14.1
A9: 6 | B9: SHIFA HOSPITAL | C9: BH | D9: 6 | E9: WADI | F9: 8 | G9: 2 | H9: 2 | I9: 0.1 | K9: =SUM(F9:J9) -> 12.1
A10: 7 | B10: ASHWINI CLINIC | C10: CL | E10: CHITTAPUR | F10: 1 | G10: 1 | H10: 1 | I10: 0.01 | K10: =SUM(F10:J10) -> 3.01
A11: 8 | B11: ANSARI CLINIC | C11: CL | E11: NALWAR | F11: 1 | G11: 1 | H11: 1 | I11: 0.01 | K11: =SUM(F11:J11) -> 3.01
A12: 9 | B12: BALBATTI CLINIC | C12: CL | E12: CHITTAPUR | F12: 2 | G12: 1 | H12: 1 | I12: 0.01 | K12: =SUM(F12:J12) -> 4.01
A13: 10 | B13: BASAVA CLINIC, CHITTAPUR | C13: CL | E13: CHITTAPUR | F13: 3 | G13: 1 | H13: 1 | I13: 0.01 | K13: =SUM(F13:J13) -> 5.01
A14: 11 | B14: GIRI BASAVA CLINIC | C14: CL | E14: CHITTAPUR | F14: 2 | G14: 2 | H14: 1 | I14: 0.01 | K14: =SUM(F14:J14) -> 5.01
A15: 12 | B15: HAFEEZ CLINIC | C15: CL | E15: CHITTAPUR | F15: 2 | G15: 1 | H15: 1 | I15: 0.01 | K15: =SUM(F15:J15) -> 4.01
A16: 13 | B16: JAI BHAVANI MEDICAL CENTRE | C16: CL | E16: CHITTAPUR | F16: 2 | G16: 2 | H16: 2 | I16: 0.01 | K16: =SUM(F16:J16) -> 6.01
A17: 14 | B17: SMILE DWNTAL CLINIC | C17: CL | E17: SHAHABAD | F17: 2 | G17: 2 | H17: 1 | I17: 0.01 | K17: =SUM(F17:J17) -> 5.01
A18: 15 | B18: NEW ASIF POLY CLINIC | C18: CL | E18: CHITTAPUR | F18: 2 | G18: 1 | H18: 1 | I18: 0.01 | K18: =SUM(F18:J18) -> 4.01
A19: 16 | B19: SAPNA CLINIC | C19: CL | E19: CHITTAPUR | F19: 2 | G19: 2 | H19: 1 | I19: 0.01 | K19: =SUM(F19:J19) -> 5.01
A20: 17 | B20: SREE RAGHAVENDRA MEDICAL CENTRE | C20: CL | E20: CHITTAPUR | F20: 3 | G20: 1 | H20: 1 | I20: 0.01 | K20: =SUM(F20:J20) -> 5.01
A21: 18 | B21: TIKADAR CLINIC | C21: CL | E21: CHITTAPUR | F21: 2 | G21: 1 | H21: 1 | I21: 0.01 | K21: =SUM(F21:J21) -> 4.01
... A27: 24 | B27: DR V C. INGINSHETTY CLINIC | C27: CL | E27: SHAHABAD | F27: 2 | G27: 2 | H27: 1 | I27: 0.01 | K27: =SUM(F27:J27) -> 5.01
A28: 25 | B28: MATHWALI CLINIC | C28: CL | E28: SHAHABAD | F28: 3 | G28: 1 | H28: 1 | I28: 0.01 | J28: 6 | K28: =SUM(F28:J28) -> 11.01
A29: 26 | B29: NAVJEEVAN CLINIC | C29: CL | E29: SHAHABAD | F29: 2 | G29: 1 | H29: 2 | I29: 0.01 | K29: =SUM(F29:J29) -> 5.01
A30: 27 | B30: SANJEEV CLINIC | C30: CL | E30: SHAHABAD | F30: 3 | G30: 1 | H30: 1 | I30: 0.01 | K30: =SUM(F30:J30) -> 5.01
A31: 28 | B31: JADHAV CLINIC | C31: CL | E31: SHAHABAD | F31: 3 | G31: 1 | H31: 1 | I31: 0.01 | K31: =SUM(F31:J31) -> 5.01
A32: 29 | B32: AL NISA CLINIC | C32: CL | E32: WADI | F32: 2 | G32: 2 | H32: 1 | I32: 0.01 | K32: =SUM(F32:J32) -> 5.01
A33: 30 | B33: ANSARI CLINIC | C33: CL | E33: WADI | F33: 3 | G33: 1 | H33: 1 | I33: 0.01 | K33: =SUM(F33:J33) -> 5.01
A34: 31 | B34: PAWAR CLINIC | C34: CL | E34: WADI | F34: 3 | G34: 1 | H34: 2 | I34: 0.01 | K34: =SUM(F34:J34) -> 6.01
A35: 32 | B35: RAILWAY POLY CLINIC | C35: CL | E35: WADI | F35: 3 | G35: 2 | H35: 1 | I35: 0.01 | K35: =SUM(F35:J35) -> 6.01
A36: 33 | B36: SANJAY B MUNOLI CHILDRENS CLINIC | C36: CL | E36: WADI | F36: 3 | G36: 2 | H36: 2 | I36: 0.01 | J36: 5 | K36: =SUM(F36:J36) -> 12.01
A37: 34 | B37: SANJEEVINI CLINIC | C37: CL | E37: WADI | F37: 2 | G37: 1 | H37: 1 | I37: 0.01 | K37: =SUM(F37:J37) -> 4.01
A38: 35 | B38: VEERESH CLINIC | C38: CL | E38: WADI | F38: 3 | G38: 1 | H38: 2 | I38: 0.01 | K38: =SUM(F38:J38) -> 6.01
A39: 36 | B39: VIKAS CLINIC, WADI | C39: CL | E39: WADI | F39: 2 | G39: 3 | H39: 1 | I39: 0.01 | K39: =SUM(F39:J39) -> 6.01
A40: 37 | B40: VIKAS SPECIALITY HEALTH CARE CLINIC | C40: CL | E40: WADI | F40: 2 | G40: 1 | H40: 2 | I40: 0.01 | J40: 5 | K40: =SUM(F40:J40) -> 10.01
A41: 38 | B41: UNIVERSAL CLINIC, | C41: CL | E41: WADI | F41: 2 | G41: 1 | H41: 2 | I41: 0.01 | K41: =SUM(F41:J41) -> 5.01
A42: 39 | B42: S K CHAVAN PHYSIOTHERAPY CENTRE | C42: CL | E42: Kalagi | F42: 3 | G42: 1 | H42: 2 | I42: 0.01 | K42: =SUM(F42:J42) -> 6.01
A43: 40 | B43: SOLAPUR CLINIC | C43: CL | E43: Kalagi | F43: 2 | G43: 1 | H43: 2 | I43: 0.01 | K43: =SUM(F43:J43) -> 5.01
A44: 41 | B44: NIJAMUDDIN DENTAL CLINIC | C44: DC | E44: CHITTAPUR | F44: 0.5 | G44: 0.5 | H44: 0.5 | I44: 0.01 | K44: =SUM(F44:J44) -> 1.51
A45: 42 | B45: TAMANNA DENTAL CLINIC | C45: DC | E45: CHITTAPUR | F45: 1 | G45: 0.5 | H45: 0.5 | I45: 0.01 | K45: =SUM(F45:J45) -> 2.01
A46: 43 | B46: S.K. DENTAL CARE | C46: DC | E46: SHAHABAD | F46: 1 | G46: 0.5 | H46: 0.5 | I46: 0.01 | K46: =SUM(F46:J46) -> 2.01
A47: 44 | B47: TAMANNA MEDICAL AND DENTAL CLINIC | C47: DC | E47: WADI | F47: 1 | G47: 0.5 | H47: 0.5 | I47: 0.01 | K47: =SUM(F47:J47) -> 2.01
A48: 45 | B48: ASHWINI DIAGNOSTIC LABORATORY | C48: LAB | E48: CHITTAPUR | F48: 1 | G48: 1 | I48: 0.01 | K48: =SUM(F48:J48) -> 2.01
A49: 46 | B49: ORBIT DIAGNOSTIC LABORATORY | C49: LAB | E49: CHITTAPUR | F49: 0.5 | G49: 2 | I49: 0.01 | K49: =SUM(F49:J49) -> 2.51
A50: 47 | B50: ASHWINI DIAGNOSTIC LABORATORY | C50: LAB | E50: SHAHABAD | F50: 2 | G50: 1 | I50: 0.01 | K50: =SUM(F50:J50) -> 3.01
A51: 48 | B51: WADI DIAGNOSTIC LABORATORY | C51: LAB | E51: WADI | F51: 1 | G51: 1 | I51: 0.01 | K51: =SUM(F51:J51) -> 2.01
A52: 49 | B52: BASAVA CLINIC BANKUR | C52: CL | E52: CHITTAPUR | F52: 3 | G52: 1 | H52: 1 | I52: 0.01 | K52: =SUM(F52:J52) -> 5.01
A53: 50 | B53: Cer Clinic | C53: CL | E53: CHITTAPUR | F53: 3 | G53: 1 | H53: 2 | I53: 0.01 | K53: =SUM(F53:J53) -> 6.01
A54: 51 | B54: DHANVANTRI CLINIC, BHANKUR | C54: CL | E54: CHITTAPUR | F54: 3 | G54: 2 | H54: 1 | I54: 0.01 | K54: =SUM(F54:J54) -> 6.01
A55: 52 | B55: EYE HEALTH CARE | C55: CL | E55: CHITTAPUR | F55: 3 | G55: 2 | H55: 2 | I55: 0.01 | J55: 5 | K55: =SUM(F55:J55) -> 12.01
A56: 53 | B56: NAIK CLINIC | C56: CL | E56: CHITTAPUR | F56: 2 | G56: 1 | H56: 1 | I56: 0.01 | K56: =SUM(F56:J56) -> 4.01
A57: 54 | B57: OHC ADANI CEMENT LTD CHITTAPUR | C57: CL | E57: CHITTAPUR | F57: 3 | G57: 1 | H57: 2 | I57: 0.01 | K57: =SUM(F57:J57) -> 6.01
A58: 55 | B58: PATIL CLINIC | C58: CL | E58: CHITTAPUR | F58: 2 | G58: 3 | H58: 1 | I58: 0.01 | K58: =SUM(F58:J58) -> 6.01
A59: 56 | B59: PRIYANANKA CLINIC | C59: CL | E59: CHITTAPUR | F59: 2 | G59: 1 | H59: 2 | I59: 0.01 | J59: 5 | K59: =SUM(F59:J59) -> 10.01
A60: 57 | B60: S.K. DENTAL CARE SHAHABAD | C60: DC | E60: CHITTAPUR | F60: 2 | G60: 1 | H60: 2 | I60: 0.01 | K60: =SUM(F60:J60) -> 5.01
A61: 58 | B61: SANGAMESHWAR CLINIC Kalagi | C61: CL | E61: CHITTAPUR | F61: 3 | G61: 1 | H61: 2 | I61: 0.01 | K61: =SUM(F61:J61) -> 6.01
A62: 59 | B62: SRINIVAS CLINIC | C62: CL | E62: CHITTAPUR | F62: 2 | G62: 1 | H62: 2 | I62: 0.01 | K62: =SUM(F62:J62) -> 5.01
A63: 60 | B63: VISHWA CLINIC | C63: CL | E63: CHITTAPUR | F63: 3 | G63: 1 | H63: 1 | I63: 0.01 | K63: =SUM(F63:J63) -> 5.01
A64: 61 | B64: JAI BHAVANI DIAGNOSTIC LABORATORY | C64: LAB | E64: Kalagi | F64: 3 | G64: 1 | H64: 2 | I64: 0.01 | K64: =SUM(F64:J64) -> 6.01
A65: 62 | B65: Kalagi Dantalaya | C65: DC | E65: Kalagi | F65: 3 | G65: 2 | H65: 1 | I65: 0.01 | K65: =SUM(F65:J65) -> 6.01
A66: 63 | B66: KUNSH CLINIC | C66: CL | E66: Kalagi | F66: 3 | G66: 2 | H66: 2 | I66: 0.01 | J66: 5 | K66: =SUM(F66:J66) -> 12.01
A67: 64 | B67: NAMDAR DIAGNOSTIC LABORATORY | C67: LAB | E67: Kalagi | F67: 2 | G67: 1 | H67: 1 | I67: 0.01 | K67: =SUM(F67:J67) -> 4.01
A68: 65 | B68: R K CLINIC, KALAGI | C68: CL | E68: Kalagi | F68: 3 | G68: 1 | H68: 2 | I68: 0.01 | K68: =SUM(F68:J68) -> 6.01
A69: 66 | B69: RAZA CLINIC, | C69: CL | E69: Kalagi | F69: 2 | G69: 3 | H69: 1 | I69: 0.01 | K69: =SUM(F69:J69) -> 6.01
A70: 67 | B70: THAKUR CHILDREN CLINIC | C70: CL | E70: Kalagi | F70: 2 | G70: 1 | H70: 2 | I70: 0.01 | J70: 5 | K70: =SUM(F70:J70) -> 10.01
A71: 68 | B71: SARIKA CLINIC | C71: CL | E71: Kalagi | F71: 2 | G71: 3 | H71: 1 | I71: 0.01 | K71: =SUM(F71:J71) -> 6.01
A72: 69 | B72: SHARADA CHILDRENS CLINIC AND LABORATORY | C72: CL | E72: Kalagi | F72: 2 | G72: 1 | H72: 2 | I72: 0.01 | K72: =SUM(F72:J72) -> 5.01
A73: 70 | B73: SHREE RAM CLINIC | C73: CL | E73: Kalagi | F73: 3 | G73: 1 | H73: 2 | I73: 0.01 | K73: =SUM(F73:J73) -> 6.01
A74: 71 | B74: SHRI RAM MEDICAL SAMARTH CENTRE | C74: CL | E74: Kalagi | F74: 2 | G74: 1 | H74: 2 | I74: 0.01 | K74: =SUM(F74:J74) -> 5.01
A75: 72 | B75: TUKARAM JADHAV CLINIC KALAGI | C75: CL | E75: Kalagi | F75: 2 | G75: 3 | H75: 1 | I75: 0.01 | K75: =SUM(F75:J75) -> 6.01
A76: 73 | B76: AMBIKA CLINIC | C76: CL | E76: WADI | F76: 2 | G76: 1 | H76: 2 | I76: 0.01 | J76: 5 | K76: =SUM(F76:J76) -> 10.01
A77: 74 | B77: ASHWINI LAB WADI | C77: LAB | E77: WADI | F77: 2 | G77: 1 | H77: 2 | I77: 0.01 | K77: =SUM(F77:J77) -> 5.01
A78: 75 | B78: GIRI DENTAL CLINIC | C78: CL | E78: WADI | F78: 3 | G78: 1 | H78: 2 | I78: 0.01 | K78: =SUM(F78:J78) -> 6.01
A79: 76 | B79: CHAVAN LAB SHAHABAD | C79: LAB | E79: SHAHABAD | F79: 2 | G79: 1 | H79: 2 | I79: 0.01 | K79: =SUM(F79:J79) -> 5.01
A80: 77 | B80: JADHAV CLINIC, SHAHABAD | C80: CL | E80: SHAHABAD | F80: 2 | G80: 1 | H80: 2 | I80: 0.01 | K80: =SUM(F80:J80) -> 5.01
A81: 78 | B81: RAHAT CLINIC | C81: CL | E81: SHAHABAD | F81: 3 | G81: 1 | H81: 2 | I81: 0.01 | K81: =SUM(F81:J81) -> 6.01
A82: 79 | B82: ROYAL LAB SHAHABAD | C82: LAB | E82: SHAHABAD | F82: 2 | G82: 1 | H82: 2 | I82: 0.01 | K82: =SUM(F82:J82) -> 5.01
A83: 80 | B83: SAI HOSPITAL SHAHABAD | C83: BH | D83: 5 | E83: SHAHABAD | F83: 7 | G83: 3 | H83: 3 | I83: 0.1 | J83: 6 | K83: =SUM(F83:J83) -> 19.1
A84: 81 | B84: SANJEEVINI CLINIC SHAHABAD | C84: CL | E84: SHAHABAD | F84: 2 | G84: 1 | H84: 2 | I84: 0.01 | K84: =SUM(F84:J84) -> 5.01
B86: TOTAL | D86: =SUM(D4:D85) -> 50 | F86: =SUM(F4:F85) -> 222 | G86: =SUM(G4:G85) -> 117 | H86: =SUM(H4:H85) -> 119 | I86: =SUM(I4:I85) -> 1.54 | J86: =SUM(J4:J85) -> 53 | K86: =SUM(K4:K85) -> 512.54
B91: BEDDED HOSPITAL | D91: 7
B92: NON BEDED HOSPITAL/CLINIC | D92: 59
B93: DENTAL | D93: 6 | E93: M/s. Parisara Associates, Yadgir (CBMWTF)
B94: LABORATORY | D94: 9
B95: SCANNING Centre | D95: 0
B96: BLOOD BANK | D96: 0
B97: TOTAL | D97: =SUM(D91:D96) -> 81

Sheet Kalaburagi
A1: Collection of Bio-Medical Waste from Kalaburagi City, Kalaburagi Dist. in Category wise for the month of JUN-2026
A2: Sr.No | B2: Name Of Hospitals | D2: Quantity of Bio-medical Waste Received All in Kg/month | J2: GENERAL | K2: Total Qty in kg/month
D3: BED'S | E3: PLACE | F3: YELLOW | G3: RED | H3: BLUE | I3: WHITE
A4: 1 | B4: 32 PERARLS DENTAL SPECIALITIES | C4: DC | E4: KALABURAGI | F4: 3 | G4: 1 | H4: 0.5 | I4: 0.1 | J4: 0 | K4: =SUM(F4:J4) -> 4.6
A5: 2 | B5: A J CLINIC | C5: CL | E5: KALABURAGI | F5: 2 | G5: 1 | H5: 3 | I5: 0.1 | J5: 0 | K5: =SUM(F5:J5) -> 6.1
A6: 3 | B6: ADITI HOSPITAL | C6: BH | D6: 30 | E6: KALABURAGI | F6: 38 | G6: 16 | H6: 6 | I6: 0.58 | J6: 0 | K6: =SUM(F6:J6) -> 60.58
A7: 4 | B7: ADITYA MULTI SPECIALITY HOSPITAL | C7: BH | D7: 30 | E7: KALABURAGI | F7: 26 | G7: 16 | H7: 8 | I7: 0.6 | J7: 0 | K7: =SUM(F7:J7) -> 50.6
A8: 5 | B8: AISHA MATERNITY AND GENERAL HOSPITAL | C8: BH | D8: 20 | E8: KALABURAGI | F8: 38 | G8: 17 | H8: 5 | I8: 0.4 | J8: 5 | K8: =SUM(F8:J8) -> 65.4
A9: 6 | B9: ALASHETTY SPECIALITY CLINIC | C9: CL | E9: KALABURAGI | F9: 2 | G9: 0.5 | H9: 1 | I9: 0.1 | J9: 0 | K9: =SUM(F9:J9) -> 3.6
A10: 7 | B10: AL-BADAR DENTAL COLLEGE | C10: BH | D10: 20 | E10: KALABURAGI | F10: 18 | G10: 11 | H10: 6 | I10: 0.5 | J10: 4 | K10: =SUM(F10:J10) -> 39.5
A11: 8 | B11: AMRUTA SPARSH HOSPITAL | C11: BH | D11: 28 | E11: KALABURAGI | F11: 22 | G11: 18 | H11: 5 | I11: 0.6 | J11: 6 | K11: =SUM(F11:J11) -> 51.6
A12: 9 | B12: AMRUTHRATNA NEURO HOSPITAL | C12: BH | D12: 15 | E12: KALABURAGI | F12: 14 | G12: 11 | H12: 5 | I12: 0.2 | J12: 3 | K12: =SUM(F12:J12) -> 33.2
A13: 10 | B13: ANGEL CHILDRENS HOSPITAL | C13: BH | D13: 13 | E13: KALABURAGI | F13: 9 | G13: 7 | H13: 3 | I13: 0.3 | J13: 0 | K13: =SUM(F13:J13) -> 19.3
A14: 11 | B14: ANITA SCANNING CENTRE | C14: SC | E14: KALABURAGI | F14: 1 | G14: 4 | I14: 0.1 | J14: 0 | K14: =SUM(F14:J14) -> 5.1
A15: 12 | B15: APEX DENTAL CLINIC | C15: DC | E15: KALABURAGI | F15: 2 | G15: 0.1 | H15: 0.5 | I15: 0.1 | J15: 0 | K15: =SUM(F15:J15) -> 2.7
A16: 13 | B16: APEX SURGICAL AND GENERAL CARE HOSPITAL | C16: BH | D16: 4 | E16: KALABURAGI | F16: 10 | G16: 6 | H16: 2 | I16: 0.2 | J16: 4 | K16: =SUM(F16:J16) -> 22.2
A17: 14 | B17: ARKA DIAGNOSTIC AND SCANNING CENTRE | C17: SC | E17: KALABURAGI | F17: 3 | G17: 3 | I17: 0.1 | J17: 0 | K17: =SUM(F17:J17) -> 6.1
A18: 15 | B18: AROGYA LIFE CARE MULTISPECIALITY HOSPITAL | C18: BH | D18: 29 | E18: KALABURAGI | F18: 18 | G18: 18 | H18: 4 | I18: 0.6 | J18: 5 | K18: =SUM(F18:J18) -> 45.6
A19: 16 | B19: ARUJIVA AYURVEDA HOSPITAL | C19: BH | D19: 28 | E19: KALABURAGI | F19: 24 | G19: 13 | H19: 5 | I19: 0.5 | J19: 5 | K19: =SUM(F19:J19) -> 47.5
A20: 17 | B20: ASHIRWAD METERNITY AND CHILDREN HOSPITAL | C20: BH | D20: 20 | E20: KALABURAGI | F20: 22 | G20: 13 | H20: 6 | I20: 0.4 | J20: 3 | K20: =SUM(F20:J20) -> 44.4
A21: 18 | B21: ASHWINI CLINIC | C21: CL | E21: KALABURAGI | F21: 3 | G21: 2 | H21: 2 | I21: 0.1 | J21: 0 | K21: =SUM(F21:J21) -> 7.1
A22: 19 | B22: ATHARVA CHEST HOSPITAL | C22: BH | D22: 15 | E22: KALABURAGI | F22: 8 | G22: 9 | H22: 4 | I22: 0.3 | J22: 4 | K22: =SUM(F22:J22) -> 25.3
A23: 20 | B23: ATHARVA CLINIC | C23: CL | E23: KALABURAGI | F23: 3 | G23: 0 | H23: 1 | I23: 0.1 | J23: 0 | K23: =SUM(F23:J23) -> 4.1
A24: 21 | B24: AVATIS PUSHKAR HOSPITAL | C24: BH | D24: 30 | E24: KALABURAGI | F24: 18 | G24: 19 | H24: 6 | I24: 0.5 | J24: 5 | K24: =SUM(F24:J24) -> 48.5
A25: 22 | B25: AYU CLINIC | C25: CL | E25: KALABURAGI | F25: 1 | G25: 1 | H25: 2 | I25: 0.1 | J25: 3 | K25: =SUM(F25:J25) -> 7.1
A26: 23 | B26: BABAHOUSE DIAGNOSTIC CENTRE | C26: Lab | E26: KALABURAGI | F26: 2 | G26: 3 | I26: 0.1 | J26: 0 | K26: =SUM(F26:J26) -> 5.1
A27: 24 | B27: BALABATTI SKIN, HAIR AND NAIL CLINIC | C27: CL | E27: KALABURAGI | F27: 2 | G27: 3 | H27: 2 | I27: 0.1 | J27: 0 | K27: =SUM(F27:J27) -> 7.1
A28: 25 | B28: BALAJI HOSPITAL | C28: BH | D28: 18 | E28: KALABURAGI | F28: 19 | G28: 18 | H28: 9 | I28: 0.2 | J28: 3 | K28: =SUM(F28:J28) -> 49.2
A29: 26 | B29: BANALE HOSPITAL | C29: BH | D29: 30 | E29: KALABURAGI | F29: 21 | G29: 14 | H29: 5 | I29: 0.6 | J29: 0 | K29: =SUM(F29:J29) -> 40.6
A30: 27 | B30: BANASHANKARI MATERNITY HOME | C30: BH | D30: 10 | E30: KALABURAGI | F30: 10 | G30: 8 | H30: 9 | I30: 0.2 | J30: 5 | K30: =SUM(F30:J30) -> 32.2
A31: 28 | B31: BANKUR MULTISPECIALITY DENTAL CLINIC | C31: DC | E31: KALABURAGI | F31: 2 | G31: 0.2 | H31: 0.2 | I31: 0.1 | J31: 0 | K31: =SUM(F31:J31) -> 2.5
A32: 29 | B32: BAOGI HOSPITAL | C32: BH | D32: 7 | E32: KALABURAGI | F32: 14 | G32: 6 | H32: . | I32: 0.2 | J32: 5 | K32: =SUM(F32:J32) -> 25.2
A33: 30 | B33: BASAVA HOSPITAL | C33: CL | E33: KALABURAGI | F33: 2 | G33: 2 | H33: 3 | I33: 0.1 | J33: 0 | K33: =SUM(F33:J33) -> 7.1
A34: 31 | B34: BASAVA NURSING HOME | C34: BH | D34: 4 | E34: KALABURAGI | F34: 10 | G34: 2 | H34: 1 | I34: 0.2 | J34: 4 | K34: =SUM(F34:J34) -> 17.2
A35: 32 | B35: BASAVACHETANA MATERNITY AND FERTILITY HOME | C35: BH | D35: 20 | E35: KALABURAGI | F35: 26 | G35: 14 | H35: 5 | I35: 0.4 | J35: 5 | K35: =SUM(F35:J35) -> 50.4
A36: 33 | B36: BASAVESHWAR TEACHING AND GENERAL HOSPITAL | C36: BH | D36: 600 | E36: KALABURAGI | F36: 845 | G36: 430 | H36: 90 | I36: 0.9 | J36: 0 | K36: =SUM(F36:J36) -> 1365.9
A37: 34 | B37: BHAVANI CLINIC | C37: CL | E37: KALABURAGI | F37: 2 | G37: 3 | H37: 2 | I37: 0.1 | J37: 0 | K37: =SUM(F37:J37) -> 7.1
A38: 35 | B38: BHANGARI HOSPITAL | C38: BH | D38: 5 | E38: KALABURAGI | F38: 6 | G38: 4 | H38: 2 | I38: 0.5 | J38: 5 | K38: =SUM(F38:J38) -> 17.5
A39: 36 | B39: BHORUKA NETRALAYA | C39: BH | D39: 30 | E39: KALABURAGI | F39: 10 | G39: 19 | H39: 6 | I39: 0.5 | J39: 0 | K39: =SUM(F39:J39) -> 35.5
A40: 37 | B40: BILVA HOSPITAL | C40: BH | D40: 30 | E40: KALABURAGI | F40: 32 | G40: 18 | H40: 8 | I40: 0.4 | J40: 0 | K40: =SUM(F40:J40) -> 58.4
A41: 38 | B41: BINDU DIAGNOSTIC LABORATORY | C41: Lab | E41: KALABURAGI | F41: 3 | G41: 4 | I41: 0.1 | J41: 0 | K41: =SUM(F41:J41) -> 7.1
A42: 39 | B42: BRAHMI CHILDREN & GENERAL CLINIC | C42: CL | E42: KALABURAGI | F42: 2 | G42: 3 | H42: 2 | I42: 0.1 | J42: 0 | K42: =SUM(F42:J42) -> 7.1
A43: 40 | B43: BUSHRA HEALTHCARE AND CUPPING CENTRE | C43: CL | E43: KALABURAGI | F43: 1 | G43: 2 | H43: 2 | I43: 0.1 | J43: 0 | K43: =SUM(F43:J43) -> 5.1
A44: 41 | B44: CARE AND CURE | C44: CL | E44: KALABURAGI | F44: 3 | G44: 2 | H44: 2 | I44: 0.1 | J44: 0 | K44: =SUM(F44:J44) -> 7.1
A45: 42 | B45: CHAYAGOL SCANNING CENTRE | C45: SC | E45: KALABURAGI | F45: 2 | G45: 3 | I45: 0.1 | J45: 0 | K45: =SUM(F45:J45) -> 5.1
A46: 43 | B46: CHETANA HOSPITAL | C46: BH | D46: 4 | E46: KALABURAGI | F46: 6 | G46: 4 | H46: 2 | I46: 0.2 | J46: 5 | K46: =SUM(F46:J46) -> 17.2
A47: 44 | B47: CHILD CARE CLINIC | C47: CL | E47: KALABURAGI | F47: 2 | G47: 2 | H47: 1 | I47: 0.1 | J47: 0 | K47: =SUM(F47:J47) -> 5.1
A48: 45 | B48: CHINCHOLI EYE HOSPITAL | C48: BH | D48: 10 | E48: KALABURAGI | F48: 5 | G48: 6 | H48: 2 | I48: 0.3 | J48: 4 | K48: =SUM(F48:J48) -> 17.3
A49: 46 | B49: CHINNARI CHILD AND ADOLESCENT NEURO CARE | C49: CL | E49: KALABURAGI | F49: 2 | G49: 2 | H49: 1 | I49: 0.1 | J49: 0 | K49: =SUM(F49:J49) -> 5.1
A50: 47 | B50: CHINEMAYAGIRI MATERNITY AND CHILDRENS HOSPITAL | C50: BH | D50: 20 | E50: KALABURAGI | F50: 16 | G50: 16 | H50: 4 | I50: 0.4 | J50: 5 | K50: =SUM(F50:J50) -> 41.4
A51: 48 | B51: CHIRANJEEVI HOSPITAL | C51: BH | D51: 28 | E51: KALABURAGI | F51: 26 | G51: 18 | H51: 5 | I51: 0.5 | J51: 3 | K51: =SUM(F51:J51) -> 52.5
A52: 49 | B52: CHIRAYU HOSPITAL | C52: BH | D52: 50 | E52: KALABURAGI | F52: 34 | G52: 21 | H52: 6 | I52: 0.8 | J52: 0 | K52: =SUM(F52:J52) -> 61.8
A53: 50 | B53: CRADLE MATERNITY AND CHILDREN HOSPITAL | C53: BH | D53: 20 | E53: KALABURAGI | F53: 22 | G53: 19 | H53: 3 | I53: 0.2 | J53: 6 | K53: =SUM(F53:J53) -> 50.2
A54: 51 | B54: CRESCENT DIAGNOSTIC | C54: Lab | E54: KALABURAGI | F54: 2 | G54: 2 | I54: 0.1 | J54: 0 | K54: =SUM(F54:J54) -> 4.1
A55: 52 | B55: CRYSTAL DAIGNOSTIC CENTRE | C55: Lab | E55: KALABURAGI | F55: 3 | G55: 4 | I55: 0.1 | J55: 0 | K55: =SUM(F55:J55) -> 7.1
A56: 53 | B56: Arogya Component Blood Centre | C56: BB | E56: KALABURAGI | F56: 2 | G56: 2 | I56: 0.1 | J56: 0 | K56: =SUM(F56:J56) -> 4.1
A57: 54 | B57: DANTAH DENTAL | C57: DC | E57: KALABURAGI | F57: 2 | G57: 0.5 | H57: 0.2 | I57: 0.1 | J57: 0 | K57: =SUM(F57:J57) -> 2.8
A58: 55 | B58: DANTALAYA THE ORAL HEALTH CENTRE | C58: DC | E58: KALABURAGI | F58: 3 | G58: 0.3 | H58: 0.5 | I58: 0.1 | J58: 0 | K58: =SUM(F58:J58) -> 3.9
A59: 56 | B59: DARSH HOSPITAL | C59: BH | D59: 30 | E59: KALABURAGI | F59: 18 | G59: 19 | H59: 4 | I59: 0.6 | J59: 0 | K59: =SUM(F59:J59) -> 41.6
A60: 57 | B60: DARSH SUPERSPECIALITY HOSPITAL | C60: BH | D60: 50 | E60: KALABURAGI | F60: 28 | G60: 26 | H60: 3 | I60: 0.9 | J60: 0 | K60: =SUM(F60:J60) -> 57.9
A61: 58 | B61: DENTAL CARE CLINIC AND IMPLANT CENTRE | C61: DC | E61: KALABURAGI | F61: 2 | G61: 0.5 | H61: 0.5 | I61: 0.1 | J61: 0 | K61: =SUM(F61:J61) -> 3.1
A62: 59 | B62: DENTAL CARE HOSPITAL | C62: DC | E62: KALABURAGI | F62: 1 | G62: 0.5 | H62: 0.1 | I62: 0.1 | J62: 0 | K62: =SUM(F62:J62) -> 1.7
A63: 60 | B63: DENTAL CURE | C63: DC | E63: KALABURAGI | F63: 3 | G63: 0.04 | H63: 1 | I63: 0.1 | J63: 0 | K63: =SUM(F63:J63) -> 4.14
A64: 61 | B64: DERMASHINE LASER AND HAIR CLINIC | C64: CL | E64: KALABURAGI | F64: 3 | G64: 1 | H64: 1 | I64: 0.1 | J64: 5 | K64: =SUM(F64:J64) -> 10.1
A65: 62 | B65: DEVANI HOSPITAL | C65: BH | D65: 10 | E65: KALABURAGI | F65: 20 | G65: 12 | H65: 2 | I65: 0.3 | J65: 5 | K65: =SUM(F65:J65) -> 39.3
A66: 63 | B66: DEVATA HOSPITAL | C66: BH | D66: 18 | E66: KALABURAGI | F66: 17 | G66: 12 | H66: 3 | I66: 0.4 | J66: 5 | K66: =SUM(F66:J66) -> 37.4
A67: 64 | B67: DIVINE MULTISPECIALITY HOSPITAL | C67: BH | D67: 30 | E67: KALABURAGI | F67: 29 | G67: 13 | H67: 6 | I67: 0.5 | J67: 5 | K67: =SUM(F67:J67) -> 53.5
A68: 65 | B68: DIWANJI MULTISPECIALITY DENTAL CLINIC | C68: DC | E68: KALABURAGI | F68: 4 | G68: 1 | H68: 0.2 | I68: 0.1 | J68: 0 | K68: =SUM(F68:J68) -> 5.3
A69: 66 | B69: DNA DIAGNOSTIC CENTRE | C69: Lab | E69: KALABURAGI | F69: 3 | G69: 3 | I69: 0.1 | J69: 0 | K69: =SUM(F69:J69) -> 6.1
A70: 67 | B70: DR ARIF CHEST HOSPITAL | C70: BH | D70: 15 | E70: KALABURAGI | F70: 7 | G70: 8 | H70: 6 | I70: 0.2 | J70: 3 | K70: =SUM(F70:J70) -> 24.2
A71: 68 | B71: DR MS ANJUMS DENTAL PRACTICE | C71: DC | E71: KALABURAGI | F71: 2 | G71: 1 | H71: 0.5 | I71: 0.1 | J71: 0 | K71: =SUM(F71:J71) -> 3.6
A72: 69 | B72: DR MURGESH PASTAPUR CLINIC | C72: CL | E72: KALABURAGI | F72: 2 | G72: 2 | H72: 2 | I72: 0.1 | J72: 5 | K72: =SUM(F72:J72) -> 11.1
A73: 70 | B73: DR PATILS ENT HOSPIATAL | C73: BH | D73: 4 | E73: KALABURAGI | F73: 4 | G73: 5 | H73: 2 | I73: 0.1 | J73: 0 | K73: =SUM(F73:J73) -> 11.1
A74: 71 | B74: DR RAIRAMS DENTAL AND ORTHOPAEDIC CLINIC | C74: DC | E74: KALABURAGI | F74: 2 | G74: 1 | H74: 0.5 | I74: 0.1 | J74: 0 | K74: =SUM(F74:J74) -> 3.6
A75: 72 | B75: DR RAOS PILES CARE AND CURE HOSPITAL | C75: BH | D75: 10 | E75: KALABURAGI | F75: 13 | G75: 8 | H75: 4 | I75: 0.2 | J75: 0 | K75: =SUM(F75:J75) -> 25.2
A76: 73 | B76: DR ROOPA PASTAPUR HOSPITAL | C76: BH | D76: 9 | E76: KALABURAGI | F76: 12 | G76: 8 | H76: 3 | I76: 0.2 | J76: 0 | K76: =SUM(F76:J76) -> 23.2
A77: 74 | B77: DR SAROJINI MODI HOSPITAL | C77: BH | D77: 10 | E77: KALABURAGI | F77: 6 | G77: 8 | H77: 5 | I77: 0.2 | J77: 5 | K77: =SUM(F77:J77) -> 24.2
A78: 75 | B78: DR. M S SANGOLIKAR HOSPITAL | C78: BH | D78: 4 | E78: KALABURAGI | F78: 7 | G78: 5 | H78: 5 | I78: 0.1 | J78: 5 | K78: =SUM(F78:J78) -> 22.1
A79: 76 | B79: DR. MURTHY CLASSICAL HOMEOPATHY HOSPITAL | C79: BH | D79: 2 | E79: KALABURAGI | F79: 2 | G79: 0 | H79: 0 | I79: 0.1 | J79: 0 | K79: =SUM(F79:J79) -> 2.1
A80: 77 | B80: DR. PATIL KIDNEY AND EYE CARE CENTRE | C80: BH | D80: 10 | E80: KALABURAGI | F80: 1 | G80: 9 | H80: 3 | I80: 0.2 | J80: 2 | K80: =SUM(F80:J80) -> 15.2
A81: 78 | B81: DRISHTI HOSPITAL | C81: BH | D81: 10 | E81: KALABURAGI | F81: 6 | G81: 7 | H81: 5 | I81: 0.2 | J81: 5 | K81: =SUM(F81:J81) -> 23.2
A82: 79 | B82: ELITE HOSPITAL | C82: BH | D82: 6 | E82: KALABURAGI | F82: 14 | G82: 5 | H82: 4 | I82: 0.1 | J82: 3 | K82: =SUM(F82:J82) -> 26.1
A83: 80 | B83: ESIC DENTAL COLLEGE | C83: BH | D83: 144 | E83: KALABURAGI | F83: 32 | G83: 14 | H83: 5 | I83: 0.9 | J83: 0 | K83: =SUM(F83:J83) -> 51.9
A84: 81 | B84: ESIC MEDICAL COLLEGE AND HOSPITAL | C84: BH | D84: 500 | E84: KALABURAGI | F84: 550 | G84: =388-14 -> 374 | H84: 50 | I84: 0.9 | J84: 0 | K84: =SUM(F84:J84) -> 974.9
A85: 82 | B85: GACHINMANI HOSPITAL | C85: BH | D85: 10 | E85: KALABURAGI | F85: 15 | G85: 9 | H85: 3 | I85: 0.4 | J85: 5 | K85: =SUM(F85:J85) -> 32.4
A86: 83 | B86: GANGA CLINIC | C86: CL | E86: KALABURAGI | F86: 4 | G86: 1 | H86: 3 | I86: 0.1 | J86: 0 | K86: =SUM(F86:J86) -> 8.1
A87: 84 | B87: GAYATRI MULTISPECIALITY HOSPITAL | C87: BH | D87: 30 | E87: KALABURAGI | F87: 30 | G87: 19 | H87: 6 | I87: 0.6 | J87: 6 | K87: =SUM(F87:J87) -> 61.6
A88: 85 | B88: GHANATHE CHILDREN CLINIC | C88: CL | E88: KALABURAGI | F88: 3 | G88: 1 | H88: 2 | I88: 0.1 | J88: 5 | K88: =SUM(F88:J88) -> 11.1
A89: 86 | B89: GIRI CLINIC | C89: CL | E89: KALABURAGI | F89: 4 | G89: 1 | H89: 3 | I89: 0.1 | J89: 0 | K89: =SUM(F89:J89) -> 8.1
A90: 87 | B90: GIRISH KIDNEY FOUNDATION AND MULTISPECIALITY HOSPITAL | C90: BH | D90: 30 | E90: KALABURAGI | F90: 17 | G90: 19 | H90: 5 | I90: 0.8 | J90: 6 | K90: =SUM(F90:J90) -> 47.8
A91: 88 | B91: GOURA MATERNITY HOSPITAL | C91: BH | D91: 3 | E91: KALABURAGI | F91: 9 | G91: 4 | H91: 3 | I91: 0.1 | J91: 0 | K91: =SUM(F91:J91) -> 16.1
A92: 89 | B92: GULBARGA HEART FOUNDATION | C92: BH | D92: 30 | E92: KALABURAGI | F92: 27 | G92: 19 | H92: 6 | I92: 0.6 | J92: 4 | K92: =SUM(F92:J92) -> 56.6
A93: 90 | B93: GULBARGA HOSPITAL | C93: BH | D93: 3 | E93: KALABURAGI | F93: 10 | G93: 2 | H93: 2 | I93: 0.1 | J93: 0 | K93: =SUM(F93:J93) -> 14.1
A94: 91 | B94: GURU SHIVA MEDICAL CENTRE | C94: CL | E94: KALABURAGI | F94: 2 | G94: 2 | H94: 2 | I94: 0.1 | J94: 2 | K94: =SUM(F94:J94) -> 8.1
A95: 92 | B95: GURUSHARAN ARTHRITIS AND RHEAMATOLOGY CLINIC | C95: CL | E95: KALABURAGI | F95: 4 | G95: 1 | H95: 1 | I95: 0.1 | J95: 0 | K95: =SUM(F95:J95) -> 6.1
A96: 93 | B96: HALKAI ORTHO AND MULTI SPECIALITY DENTAL CLINIC | C96: CL | E96: KALABURAGI | F96: 4 | G96: 1 | H96: 1 | I96: 0.1 | J96: 0 | K96: =SUM(F96:J96) -> 6.1
A97: 94 | B97: HARSH CLINICAL LABORATORY AND CANCER CLINIC | C97: CL | E97: KALABURAGI | F97: 2 | G97: 3 | H97: 2 | I97: 0.1 | J97: 0 | K97: =SUM(F97:J97) -> 7.1
A98: 95 | B98: HCG CANCER CENTER | C98: BH | D98: 50 | E98: KALABURAGI | F98: 22 | G98: 26 | H98: 5 | I98: 0.9 | J98: 0 | K98: =SUM(F98:J98) -> 53.9
A99: 96 | B99: HEERA ORTHO CLINIC | C99: CL | E99: KALABURAGI | F99: 2 | G99: 1 | H99: 2 | I99: 0.1 | J99: 5 | K99: =SUM(F99:J99) -> 10.1
A100: 97 | B100: HENGULAMBIKA EDUCATION SOCIETY | C100: BH | D100: 100 | E100: KALABURAGI | F100: 96 | G100: 48 | H100: 8 | I100: 0.9 | J100: 0 | K100: =SUM(F100:J100) -> 152.9
...
